Identifiant station;Nom station;Station en fonctionnement;Capacitï¿½ï¿½ de la sta;Nombre bornettes libres;Nombre total vï¿½ï¿½los disponi;Vï¿½ï¿½los mï¿½ï¿½caniques dis;Vï¿½ï¿½los ï¿½ï¿½lectriques dis;Borne de paiement disponible;Retour vï¿½ï¿½lib poss;Actualisation de la donnï¿½;Coordonnï¿½ï¿½es gï¿½ï¿½ogr;Nom communes ï¿½ï¿½quip;Code INSEE communes ï¿½ï¿½quip
9020;Toudouze - Clauzel;OUI;21;20;1;0;1;OUI;OUI;2021-10-20T13:42:53+02:00;48.8792959173,2.33736008406;Paris;
16107;Benjamin Godard - Victor Hugo;OUI;35;33;1;0;1;OUI;OUI;2021-10-20T13:43:48+02:00;48.865983,2.275725;Paris;
12109;Mairie du 12ï¿½ï;OUI;30;25;5;4;1;OUI;OUI;2021-10-20T13:45:40+02:00;48.8408553118,2.38755494356;Paris;
11104;Charonne - Robert et Sonia Delauney;OUI;20;15;5;1;4;OUI;OUI;2021-10-20T13:45:27+02:00;48.855907556,2.39257067442;Paris;
14014;Jourdan - Stade Charlï¿½ï;OUI;60;56;3;0;3;OUI;OUI;2021-10-20T13:44:32+02:00;48.8194283334,2.34333537519;Paris;
5001;Harpe - Saint-Germain;OUI;46;29;14;12;2;OUI;OUI;2021-10-20T13:45:30+02:00;48.851518815,2.34367031604;Paris;
13007;Le Brun - Gobelins;OUI;48;45;1;0;1;OUI;OUI;2021-10-20T13:45:27+02:00;48.8350927878,2.35346813513;Paris;
17026;Jouffroy d'Abbans - Wagram;OUI;40;36;4;3;1;OUI;OUI;2021-10-20T13:44:17+02:00;48.8819732984,2.30113215744;Paris;
5110;Lacï¿½ï¿½pï¿½ï¿½de;OUI;23;18;5;1;4;OUI;OUI;2021-10-20T13:46:04+02:00;48.8438928653,2.35196638852;Paris;
10013;Alibert - Jemmapes;OUI;60;53;6;4;2;OUI;OUI;2021-10-20T13:45:30+02:00;48.871044052,2.36610446199;Paris;
6108;Saint-Romain - Cherche-Midi;OUI;17;10;7;5;2;OUI;OUI;2021-10-20T13:46:20+02:00;48.8470815908,2.32137478888;Paris;
8026;Messine - Place Du Pï¿½ï¿;OUI;12;7;5;3;2;OUI;OUI;2021-10-20T13:45:35+02:00;48.875448034,2.31550801901;Paris;
33006;Andrï¿½ï¿½ Karman - Rï¿½ï¿½;OUI;31;26;3;2;1;OUI;OUI;2021-10-20T13:44:08+02:00;48.9103987576,2.38513559103;Aubervilliers;
14111;Cassini - Denfert-Rochereau;OUI;25;24;1;1;0;OUI;OUI;2021-10-20T13:45:23+02:00;48.8375258391,2.33603540808;Paris;
42016;Pierre et Marie Curie - Maurice Thorez;OUI;27;17;10;7;3;OUI;OUI;2021-10-20T13:44:30+02:00;48.8158022636,2.37680498511;Ivry-sur-Seine;
6003;Saint-Sulpice;OUI;21;3;16;11;5;OUI;OUI;2021-10-20T13:45:22+02:00;48.8516538318,2.33080778271;Paris;
41301;Bois de Vincennes - Gare;OUI;50;45;4;3;1;OUI;OUI;2021-10-20T13:46:31+02:00;48.8360222429,2.47083399508;Nogent-sur-Marne;
17038;Grande Armï¿½ï¿½e - Br;OUI;61;51;10;3;7;OUI;OUI;2021-10-20T13:42:22+02:00;48.876116,2.288124;Paris;
21010;Silly - Galliï¿½ï;OUI;25;4;20;12;8;OUI;OUI;2021-10-20T13:39:23+02:00;48.8355838387,2.23255008459;Boulogne-Billancourt;
7002;Vaneau - Sï¿½ï¿½;OUI;35;27;7;5;2;OUI;OUI;2021-10-20T13:45:15+02:00;48.8485632331,2.32042182593;Paris;
6021;Beaux-Arts - Bonaparte;OUI;20;5;15;11;4;OUI;OUI;2021-10-20T13:42:26+02:00;48.8564519854,2.33485188335;Paris;
11025;Froment - Brï¿½ï¿½;OUI;43;27;10;5;5;OUI;OUI;2021-10-20T13:41:40+02:00;48.8570414505,2.37289470307;Paris;
25006;Place Nelson Mandela;OUI;22;17;5;2;3;OUI;OUI;2021-10-20T13:40:38+02:00;48.8620909377,2.19657629728;Rueil-Malmaison;
15047;Morillons - Dantzig;OUI;52;51;1;0;1;OUI;OUI;2021-10-20T13:45:22+02:00;48.8331014995,2.29938000441;Paris;
17041;Guersant - Gouvion-Saint-Cyr;OUI;36;27;8;6;2;OUI;OUI;2021-10-20T13:44:24+02:00;48.8828777518,2.28766737081;Paris;
17025;Chazelles - Courcelles;OUI;35;21;14;7;7;OUI;OUI;2021-10-20T13:44:59+02:00;48.879406605,2.30344556272;Paris;
7003;Square Boucicaut;OUI;60;25;32;30;2;OUI;OUI;2021-10-20T13:44:12+02:00;48.8512964337,2.32506182045;Paris;
20143;Ramponeau - Belleville;OUI;44;42;1;0;1;OUI;OUI;2021-10-20T13:45:34+02:00;48.8710311376,2.37905685211;Paris;
7001;Invalides - Duroc;OUI;29;17;7;4;3;OUI;OUI;2021-10-20T13:45:27+02:00;48.8477924733,2.31619209051;Paris;
15026;Bir Hakeim;OUI;33;5;27;23;4;OUI;OUI;2021-10-20T13:46:21+02:00;48.8538440543,2.28970534822;Paris;
5016;Thouin - Cardinal Lemoine;OUI;17;5;12;9;3;OUI;OUI;2021-10-20T13:46:35+02:00;48.8450471666,2.34946478513;Paris;
8050;Boï¿½ï¿½tie - Pont;OUI;33;16;16;12;4;OUI;OUI;2021-10-20T13:45:53+02:00;48.8714172844,2.3076787591;Paris;
17048;De Toqueville - Terrasse;OUI;30;26;1;0;1;OUI;OUI;2021-10-20T13:45:01+02:00;48.882428,2.314002;Paris;
16118;Michel-Ange - Parent de Rosan;OUI;26;17;7;3;4;OUI;OUI;2021-10-20T13:46:07+02:00;48.8405799237,2.25841194391;Paris;
13101;Croulebarde - Corvisart;OUI;34;22;11;10;1;OUI;OUI;2021-10-20T13:44:57+02:00;48.8309816593,2.34816469252;Paris;
16138;Saint-Cloud - Hippodrome;OUI;30;15;12;6;6;OUI;OUI;2021-10-20T13:43:17+02:00;48.8577214889,2.2549109906;Paris;
14108;Le Brix et Mesmin - Jourdan;OUI;21;18;2;0;2;OUI;OUI;2021-10-20T13:46:37+02:00;48.8223409659,2.3278616533;Paris;
13030;Italie - Tolbiac;OUI;21;19;1;0;1;OUI;OUI;2021-10-20T13:41:10+02:00;48.8255722946,2.35761713237;Paris;
31024;Romainville - Vaillant-Couturier;OUI;38;33;3;0;3;OUI;OUI;2021-10-20T13:42:01+02:00;48.86785,2.446748;Montreuil;
92002;Thï¿½ï¿½ï¿½ï¿½tre des Amandiers - Palais de;OUI;24;18;5;4;1;OUI;OUI;2021-10-20T13:46:16+02:00;48.8926485268,2.21369415522;Nanterre;
47007;Libertï¿½ï¿½ - Vert-de-Mai;OUI;20;8;11;5;6;OUI;OUI;2021-10-20T13:42:26+02:00;48.7901478096,2.43286281824;Maisons-Alfort;
6029;Vaugirard - Monsieur le Prince;OUI;26;14;11;11;0;OUI;OUI;2021-10-20T13:46:19+02:00;48.8489514416,2.34113294631;Paris;
17044;Porte de Saint-Ouen - Bessiï¿½ï¿;OUI;42;37;4;3;1;OUI;OUI;2021-10-20T13:46:33+02:00;48.8979224085,2.32851451022;Paris;
20035;Pyrï¿½ï¿½nï¿½ï¿½es - Mï¿½ï;OUI;26;26;0;0;0;OUI;OUI;2021-10-20T13:40:50+02:00;48.8693268535,2.39508457482;Paris;
19033;Cambrai - Benjamin Constant;OUI;43;40;3;3;0;OUI;OUI;2021-10-20T13:46:11+02:00;48.8959473685,2.38113380225;Paris;
44017;Jules Guesde - Pont du Port ï¿½ï¿½ l'Ang;OUI;30;0;27;23;4;OUI;OUI;2021-10-20T13:45:17+02:00;48.7962880709,2.41721212864;Vitry-sur-Seine;
43002;Lagny - Victor Basch;OUI;26;7;19;15;4;OUI;OUI;2021-10-20T13:45:53+02:00;48.8488414719,2.42632541893;Vincennes;
2017;Caire - Dussoubs;OUI;40;24;15;14;1;OUI;OUI;2021-10-20T13:42:44+02:00;48.8678534211,2.3493643105;Paris;
21216;Louis Lejeune - Barbï¿½;OUI;25;22;2;0;2;OUI;OUI;2021-10-20T13:42:58+02:00;48.8180741898,2.32670098543;Montrouge;
17010;Jonquiï¿½ï¿½re - Docteur Paul Bro;OUI;40;34;4;3;1;OUI;OUI;2021-10-20T13:40:55+02:00;48.8947998167,2.31870521217;Paris;
15068;Gï¿½ï¿½nï¿½ï¿½ral Martial Valin - Pont du Ga;OUI;16;2;14;13;1;OUI;OUI;2021-10-20T13:45:49+02:00;48.8382309427,2.27050602436;Paris;
48003;Youri Gagarine - Karl Marx;OUI;22;11;10;7;3;OUI;OUI;2021-10-20T13:44:21+02:00;48.7844848508,2.3590843007;Villejuif;
22207;Rond-point du Dr Albert Schweitzer;OUI;22;19;3;1;2;OUI;OUI;2021-10-20T13:44:39+02:00;48.7898091899,2.31439400464;Bagneux;
14002;Edgar Quinet - Raspail;OUI;46;38;5;1;4;OUI;OUI;2021-10-20T13:42:32+02:00;48.8394026667,2.32971478254;Paris;
7004;Raspail - Varenne;OUI;18;2;16;15;1;OUI;OUI;2021-10-20T13:45:36+02:00;48.8531478165,2.32639051974;Paris;
43009;Place Jean-Spire-Lemaï¿½ï¿;OUI;50;39;9;6;3;OUI;OUI;2021-10-20T13:45:14+02:00;48.8468428627,2.45206207037;Vincennes;
19027;Serrurier;OUI;18;13;5;0;5;OUI;OUI;2021-10-20T13:40:22+02:00;48.8804934032,2.39806417376;Paris;
8053;Place Georges Guillaumin;OUI;29;19;9;5;4;OUI;OUI;2021-10-20T13:46:18+02:00;48.874750204,2.30177143533;Paris;
9008;Tour d'Auvergne - Rodier;OUI;17;13;3;0;3;OUI;OUI;2021-10-20T13:41:55+02:00;48.879161,2.343698;Paris;
9001;Bellefond - Poissonniï¿½ï;OUI;17;14;3;1;2;OUI;OUI;2021-10-20T13:46:17+02:00;48.8775989705,2.34846375883;Paris;
8103;Artois - Berri;OUI;23;5;17;10;7;OUI;OUI;2021-10-20T13:46:41+02:00;48.8739352124,2.30642583221;Paris;
13118;Regnault - Patay;OUI;63;0;58;52;6;OUI;OUI;2021-10-20T13:43:08+02:00;48.8243578222,2.37706515938;Paris;
8048;Marceau - Chaillot;OUI;21;11;8;3;5;OUI;OUI;2021-10-20T13:45:08+02:00;48.8688339499,2.29899678379;Paris;
5005;Gay Lussac - Saint-Jacques;OUI;24;13;8;1;7;OUI;OUI;2021-10-20T13:44:19+02:00;48.8447302561,2.34192394487;Paris;
14013;Liard - Amiral Mouchez;OUI;14;9;5;5;0;OUI;OUI;2021-10-20T13:44:38+02:00;48.8214169,2.342167;Paris;
18024;Clignancourt - Ordener;OUI;35;33;0;0;0;OUI;OUI;2021-10-20T13:43:02+02:00;48.8914577262,2.34863647806;Paris;
7011;Las Cases - Bourgogne;OUI;22;15;7;6;1;OUI;OUI;2021-10-20T13:44:29+02:00;48.8590911047,2.3185685277;Paris;
12031;Gabriel Lamï¿;OUI;36;0;33;32;1;OUI;OUI;2021-10-20T13:45:58+02:00;48.8351212784,2.38553456962;Paris;
18111;Fï¿½ï¿½lix Ziem - Armand Gaut;OUI;25;23;2;0;2;OUI;OUI;2021-10-20T13:41:55+02:00;48.8894963049,2.3333936588;Paris;
7018;Sï¿½ï¿½gur - d'Estr;OUI;19;3;15;14;1;OUI;OUI;2021-10-20T13:42:49+02:00;48.851419979,2.30970449746;Paris;
41303;Gare de Nogent-le-Perreux;OUI;32;10;19;18;1;OUI;OUI;2021-10-20T13:46:07+02:00;48.8384255335,2.49369330704;Nogent-sur-Marne;
9002;Abbeville - Faubourg Poissonniï¿½ï;OUI;14;12;2;1;1;OUI;OUI;2021-10-20T13:45:36+02:00;48.879223,2.349147;Paris;
16110;Octave Feuillet - Albï¿½ï¿½ric Mag;OUI;21;19;0;0;0;OUI;OUI;2021-10-20T13:45:34+02:00;48.8610690295,2.27302830666;Paris;
5022;Boulangers - Cardinal Lemoine;OUI;20;11;9;7;2;OUI;OUI;2021-10-20T13:46:41+02:00;48.8462904,2.3521495;Paris;
18134;Ney - Porte de Clignancourt;OUI;25;24;1;0;1;OUI;OUI;2021-10-20T13:45:52+02:00;48.8978867,2.3458001;Paris;
9106;Boudreau - Auber;OUI;14;1;11;9;2;OUI;OUI;2021-10-20T13:45:25+02:00;48.87219,2.329423;Paris;
9014;Faubourg Montmartre - La Fayette;OUI;35;21;12;9;3;OUI;OUI;2021-10-20T13:43:42+02:00;48.8752545491,2.3408536613;Paris;
10161;Gare de l'Est - Faubourg-Saint-Martin;OUI;32;30;0;0;0;OUI;OUI;2021-10-20T13:46:37+02:00;48.8756426475,2.35945880413;Paris;
17032;Jean Oestreicher - Porte de Champerret;OUI;21;14;4;3;1;OUI;OUI;2021-10-20T13:41:23+02:00;48.8865558007,2.28864043951;Paris;
17040;Pereire - Ternes;OUI;48;39;7;4;3;OUI;OUI;2021-10-20T13:43:55+02:00;48.8797395483,2.28801213205;Paris;
8016;Square Louis XVI;OUI;29;13;16;15;1;OUI;OUI;2021-10-20T13:46:41+02:00;48.873204401,2.32365883074;Paris;
1001;Quai de l'Horloge - Pont Neuf;OUI;17;0;17;11;6;OUI;OUI;2021-10-20T13:45:58+02:00;48.8570587391,2.34179828394;Paris;
10162;Alexandre Parodi - Quai de Valmy;OUI;24;21;3;2;1;OUI;OUI;2021-10-20T13:42:09+02:00;48.8793594194,2.36659616232;Paris;
17008;Porte Pouchet-Bessiï¿½ï¿;OUI;23;19;4;2;2;OUI;OUI;2021-10-20T13:43:25+02:00;48.8978765,2.3230632;Paris;
10115;Granges aux Belles;OUI;27;23;2;2;0;OUI;OUI;2021-10-20T13:44:19+02:00;48.8761373391,2.36808449794;Paris;
31706;Chï¿½ï¿½teau - Rï¿½ï¿½;OUI;26;18;7;6;1;OUI;OUI;2021-10-20T13:41:51+02:00;48.8629238006,2.4155035615;Bagnolet;
10029;Dunkerque - Rocroy;OUI;24;21;0;0;0;OUI;OUI;2021-10-20T13:44:05+02:00;48.880726,2.351464;Paris;
22409;Henri Barbusse - Stalingrad;OUI;16;13;1;0;1;OUI;OUI;2021-10-20T13:44:08+02:00;48.8141837487,2.28728625923;Malakoff;
9038;Douai - Bruxelles;OUI;27;24;2;0;2;OUI;OUI;2021-10-20T13:46:13+02:00;48.8832078412,2.3308449949;Paris;
17012;Mairie du 17ï¿½ï;OUI;24;19;3;1;2;OUI;OUI;2021-10-20T13:44:31+02:00;48.8841618487,2.3220794311;Paris;
8009;Gare Saint-Lazare - Isly;OUI;27;4;23;19;4;OUI;OUI;2021-10-20T13:45:01+02:00;48.8747776776,2.32651580478;Paris;
17004;Legendre - Clichy;OUI;40;35;5;2;3;OUI;OUI;2021-10-20T13:44:18+02:00;48.8889616186,2.32252897509;Paris;
19105;Ambroise Rendu - Porte Brunet;OUI;17;9;7;3;4;OUI;OUI;2021-10-20T13:45:20+02:00;48.883667,2.395733;Paris;
19003;Quai de la Seine;OUI;24;21;3;2;1;OUI;OUI;2021-10-20T13:42:43+02:00;48.8844922384,2.37039417028;Paris;
31103;Gare Rosny-Bois-Perrier;OUI;36;14;18;10;8;OUI;OUI;2021-10-20T13:44:18+02:00;48.8811502334,2.48043682426;Rosny-sous-Bois;
8036;Lisbonne - Monceau;OUI;33;4;29;15;14;OUI;OUI;2021-10-20T13:41:58+02:00;48.8774556768,2.30969422142;Paris;
6001;Institut de France;OUI;17;1;15;10;5;OUI;OUI;2021-10-20T13:45:14+02:00;48.8576156786,2.33583135304;Paris;
18107;Chartres - La Charbonniï¿½ï;OUI;34;31;3;1;2;OUI;OUI;2021-10-20T13:46:09+02:00;48.8847601,2.3534657;Paris;
15112;Vigï¿½ï¿½e-Lebrun - Anselme P;OUI;24;24;0;0;0;OUI;OUI;2021-10-20T13:46:01+02:00;48.8386839416,2.3110422492;Paris;
5020;Institut du Monde Arabe - Saint-Germain;OUI;40;0;39;39;0;OUI;OUI;2021-10-20T13:46:07+02:00;48.8490632995,2.35580865294;Paris;
7025;Octave Grï¿½ï¿½ard - Tour Ei;OUI;33;8;23;20;3;OUI;OUI;2021-10-20T13:46:42+02:00;48.8565029777,2.29317875433;Paris;
16026;Ranelagh - Mozart;OUI;23;20;2;1;1;OUI;OUI;2021-10-20T13:43:29+02:00;48.8554439,2.2704418;Paris;
10025;Jemmapes - Ecluses Saint-Martin;OUI;15;12;0;0;0;OUI;OUI;2021-10-20T13:43:20+02:00;48.8774851919,2.36600674689;Paris;
10107;Gare du Nord - Hï¿½ï¿½pital Lariboisi;OUI;49;48;0;0;0;OUI;OUI;2021-10-20T13:41:13+02:00;48.881949,2.352339;Paris;
19015;Thionville - Ourcq;OUI;24;19;3;2;1;OUI;OUI;2021-10-20T13:43:54+02:00;48.8891761374,2.38336533308;Paris;
17043;Belidor - Gouvion-Saint-Cyr;OUI;39;33;4;2;2;OUI;OUI;2021-10-20T13:46:17+02:00;48.8802215405,2.2854680568;Paris;
26003;Argenteuil - Voltaire;OUI;16;5;7;6;1;OUI;OUI;2021-10-20T13:46:37+02:00;48.9186486596,2.28141121566;Asniï¿½ï¿½res-sur-S;
11002;Roquette - Thiï¿½ï¿;OUI;23;12;8;7;1;OUI;OUI;2021-10-20T13:40:49+02:00;48.8550793058,2.37336863187;Paris;
10008;Citï¿½ï¿½ Riverin - Chï¿½ï¿½te;OUI;18;5;11;11;0;OUI;OUI;2021-10-20T13:43:13+02:00;48.8707024236,2.3587398639;Paris;
16039;Exelmans - Versailles;OUI;49;27;12;7;5;OUI;OUI;2021-10-20T13:44:07+02:00;48.8409749109,2.26439025253;Paris;
1122;Pont-Neuf - Quai du Louvre;OUI;30;30;0;0;0;NON;NON;2021-01-22T22:50:04+01:00;48.8582958983,2.34237145633;Paris;
31009;Place Du Gï¿½ï¿½nï¿½ï¿½ral D;OUI;26;24;0;0;0;OUI;OUI;2021-10-20T13:45:51+02:00;48.8687591,2.4329931;Montreuil;
12151;Gare de Lyon - Place Louis Armand;OUI;60;12;43;38;5;OUI;OUI;2021-10-20T13:46:25+02:00;48.8455150898,2.37264984463;Paris;
11047;Amelot - Saint-Sï¿½ï¿½bas;OUI;30;15;14;11;3;OUI;OUI;2021-10-20T13:46:06+02:00;48.8611421628,2.36779961811;Paris;
92007;Pesaro - Prï¿½ï¿½fec;OUI;22;11;9;5;4;OUI;OUI;2021-10-20T13:42:27+02:00;48.8957704628,2.22390834242;Nanterre;
17030;Pereire - Rennequin;OUI;23;21;2;1;1;OUI;OUI;2021-10-20T13:44:32+02:00;48.8836478289,2.29524470866;Paris;
9022;Rossini - Laffitte;OUI;33;4;26;20;6;OUI;OUI;2021-10-20T13:45:11+02:00;48.8733462751,2.3379808677;Paris;
12111;Claude Decaen - Cannebiï¿½ï;OUI;27;24;3;2;1;OUI;OUI;2021-10-20T13:38:44+02:00;48.8376141704,2.3972537822;Paris;
9028;Moncey - Blanche;OUI;17;12;5;1;4;OUI;OUI;2021-10-20T13:41:50+02:00;48.8800658747,2.33108103275;Paris;
8034;Berri - Haussmann;OUI;35;14;21;11;10;OUI;OUI;2021-10-20T13:45:07+02:00;48.8747460474,2.3082953319;Paris;
20042;Pyrï¿½ï¿½nï¿½ï¿½es ;OUI;40;39;1;0;1;OUI;OUI;2021-10-20T13:44:14+02:00;48.8720102813,2.39203959703;Paris;
15067;Desaix - Edgar Faure;OUI;12;2;10;9;1;OUI;OUI;2021-10-20T13:45:47+02:00;48.8528046049,2.29307702986;Paris;
11027;Saint-Ambroise - Parmentier;OUI;38;33;1;1;0;OUI;OUI;2021-10-20T13:45:59+02:00;48.8621478445,2.3772348091;Paris;
43401;Gare RER - Canadiens;OUI;45;12;30;28;2;OUI;OUI;2021-10-20T13:45:45+02:00;48.8199530796,2.46417675246;Joinville-le-Pont;
19026;Place de Rhin et Danube;OUI;17;17;0;0;0;OUI;OUI;2021-10-20T13:36:45+02:00;48.8819276586,2.39258676767;Paris;
26002;Redoute - Les Courtilles;OUI;32;1;31;23;8;OUI;OUI;2021-10-20T13:45:38+02:00;48.9298671945,2.28366963565;Asniï¿½ï¿½res-sur-S;
11023;Saint-Maur - Roquette;OUI;46;40;2;1;1;OUI;OUI;2021-10-20T13:45:02+02:00;48.8586887741,2.38355399457;Paris;
8010;Liï¿½ï¿½ge - Mo;OUI;17;14;2;2;0;OUI;OUI;2021-10-20T13:40:39+02:00;48.8795431,2.3264628;Paris;
45003;11 Novembre 1918 - 8 Mai 1945;OUI;36;35;1;1;0;OUI;OUI;2021-10-20T13:38:11+02:00;48.8088953377,2.53824211657;Champigny-sur-Marne;
46002;Rouget de Lisle;OUI;35;13;20;18;2;OUI;OUI;2021-10-20T13:45:09+02:00;48.7646154834,2.40711897612;Choisy-le-Roi;
19043;Delphine Seyrig - Gï¿½ï¿½nï¿½ï¿½ral;OUI;53;49;2;0;2;OUI;OUI;2021-10-20T13:44:32+02:00;48.8939239631,2.39790290594;Pantin;
18003;Cimetiï¿½ï¿½re de Montma;OUI;43;40;2;1;1;OUI;OUI;2021-10-20T13:43:24+02:00;48.8864724661,2.33289018273;Paris;
5032;Panthï¿½ï¿½on - Val;OUI;39;23;16;5;11;OUI;OUI;2021-10-20T13:46:32+02:00;48.8470205717,2.34649826197;Paris;
11113;Richard Lenoir - Republique;OUI;58;54;3;1;2;OUI;OUI;2021-10-20T13:45:42+02:00;48.8667175,2.3692541;Paris;
14020;Cimetiï¿½ï¿½re de Montr;OUI;58;55;2;2;0;OUI;OUI;2021-10-20T13:37:43+02:00;48.822009,2.322188699;Paris;
10016;Rï¿½ï¿½collets - Square Vill;OUI;17;14;0;0;0;OUI;OUI;2021-10-20T13:46:25+02:00;48.8750346559,2.3598012386;Paris;
41302;Charles de Gaulle - Beautï¿;OUI;49;42;5;3;2;OUI;OUI;2021-10-20T13:40:22+02:00;48.8364960231,2.47956265115;Nogent-sur-Marne;
21212;Marne - Germain Dardan;OUI;22;20;2;1;1;OUI;OUI;2021-10-20T13:43:42+02:00;48.811542704,2.30307072401;Montrouge;
6006;Notre-Dame-des-Champs - Stanislas;OUI;19;15;3;1;2;OUI;OUI;2021-10-20T13:45:07+02:00;48.8447992886,2.32933775589;Paris;
42706;Roger Salengro - Fontainebleau;OUI;25;18;6;2;4;OUI;OUI;2021-10-20T13:45:12+02:00;48.8145486973,2.36116636544;Le Kremlin-Bicï¿½ï¿;
12128;Pyramide - Ecole du Breuil;OUI;34;7;23;18;5;OUI;OUI;2021-10-20T13:46:28+02:00;48.8223797715,2.45868712664;Paris;
33017;Anatole France - President Roosevelt;OUI;29;15;12;7;5;OUI;OUI;2021-10-20T13:46:17+02:00;48.9155156,2.3814103;Aubervilliers;
31022;Mairie de Montreuil;OUI;52;45;3;2;1;OUI;OUI;2021-10-20T13:43:18+02:00;48.8613145276,2.44061440229;Montreuil;
20112;Jourdain - Place des Grandes Rigoles;OUI;22;22;0;0;0;OUI;OUI;2021-10-20T13:44:36+02:00;48.8740311373,2.38959476352;Paris;
19101;Square Simon Bolivar;OUI;24;22;2;1;1;OUI;OUI;2021-10-20T13:44:13+02:00;48.8750898883,2.38263040781;Paris;
19044;Grands Moulins de Pantin;OUI;50;34;15;11;4;OUI;OUI;2021-10-20T13:44:56+02:00;48.8973836972,2.39599853754;Paris;
14003;Schoelcher - Raspail;OUI;50;46;1;1;0;OUI;OUI;2021-10-20T13:39:47+02:00;48.8368173353,2.33127940804;Paris;
33102;Gabriel Pï¿½ï¿½ri - Francisco Fe;OUI;18;15;1;1;0;OUI;OUI;2021-10-20T13:45:44+02:00;48.8863371024,2.40733891726;Le Prï¿½ï¿½-Saint-Ger;
15042;Henry Farman;OUI;16;6;9;9;0;OUI;OUI;2021-10-20T13:43:41+02:00;48.8337243028,2.27138545364;Paris;
21312;Lucie Aubrac - Fort;OUI;30;27;2;0;2;OUI;OUI;2021-10-20T13:46:14+02:00;48.818144834,2.27118462324;Issy-les-Moulineaux;
43008;Fontenay - Libï¿½ï¿½ra;OUI;25;15;10;7;3;OUI;OUI;2021-10-20T13:44:02+02:00;48.8478030636,2.44514197111;Vincennes;
13001;Port-Royal - Hï¿½ï¿½pital du Val-de-Gr;OUI;18;6;11;8;3;OUI;OUI;2021-10-20T13:46:40+02:00;48.8376682728,2.34481383466;Paris;
8045;Place de la Reine Astrid;OUI;58;23;33;30;3;OUI;OUI;2021-10-20T13:45:48+02:00;48.8649209825,2.30254918239;Paris;
44006;Concorde - Stalingrad;OUI;35;24;9;5;4;OUI;OUI;2021-10-20T13:44:57+02:00;48.7985844,2.3821302;Vitry-sur-Seine;
18011;Pajol - Place Herbert;OUI;39;35;2;0;2;OUI;OUI;2021-10-20T13:46:33+02:00;48.8927825,2.3635598;Paris;
19120;Carducci - Place Hannah Arendt;OUI;27;27;0;0;0;OUI;OUI;2021-10-20T13:44:12+02:00;48.8774366815,2.38607436419;Paris;
15104;Hï¿½ï¿½pital Europï¿½ï¿½en Georges ;OUI;64;11;44;40;4;OUI;OUI;2021-10-20T13:46:23+02:00;48.8376953192,2.27537423372;Paris;
14138;Porte de Vanves;OUI;32;28;4;2;2;OUI;OUI;2021-10-20T13:44:47+02:00;48.8280128494,2.30568788946;Paris;
22202;Jean Marin Naudin - Stalingrad;OUI;30;29;1;1;0;OUI;OUI;2021-10-20T13:46:24+02:00;48.8057138974,2.32020232826;Bagneux;
46003;Conservatoire de Musique;OUI;25;2;21;21;0;OUI;OUI;2021-10-20T13:45:31+02:00;48.7709358667,2.40340143442;Choisy-le-Roi;
5004;Saint-Jacques - Val de Grï¿½ï;OUI;20;14;5;2;3;OUI;OUI;2021-10-20T13:46:24+02:00;48.8417514,2.3413893;Paris;
18028;Championnet - Vauvenargues;OUI;33;31;2;1;1;OUI;OUI;2021-10-20T13:41:35+02:00;48.8940187474,2.33198728412;Paris;
19103;Manin - Carriï¿½ï¿½res d'Amï¿½;OUI;20;18;2;1;1;OUI;OUI;2021-10-20T13:45:58+02:00;48.8846721421,2.3919698596;Paris;
20037;Gambetta - Saint Fargeau;OUI;24;23;1;0;1;OUI;OUI;2021-10-20T13:44:50+02:00;48.8712446104,2.40390568972;Paris;
21306;Place Lafayette;OUI;62;7;55;42;13;OUI;OUI;2021-10-20T13:45:41+02:00;48.8296549755,2.26386755705;Issy-les-Moulineaux;
15054;Lecourbe - Jean Maridor;OUI;19;6;13;7;6;OUI;OUI;2021-10-20T13:41:17+02:00;48.8379636615,2.28773921728;Paris;
12114;Victor Hugo - Jeanne Jugan;OUI;28;19;9;6;3;OUI;OUI;2021-10-20T13:40:15+02:00;48.843949064,2.41508139483;Paris;
15106;Grenelle - Violet;OUI;35;9;23;21;2;OUI;OUI;2021-10-20T13:46:08+02:00;48.8499303551,2.29461204261;Paris;
41209;Cimetiï¿½ï¿½re de Fontenay-sous-;OUI;15;14;0;0;0;OUI;OUI;2021-10-20T13:45:22+02:00;48.8470617336,2.47878223658;Fontenay-sous-Bois;
14008;Mouton Duvernet - Gï¿½ï¿½nï¿½ï¿½ral;OUI;39;37;2;0;2;OUI;OUI;2021-10-20T13:44:38+02:00;48.8316325183,2.32931211591;Paris;
10024;Buisson Saint-Louis - Saint-Maur;OUI;19;15;3;2;1;OUI;OUI;2021-10-20T13:38:17+02:00;48.8717468493,2.37225283288;Paris;
22406;Guy Mï¿½ï¿½quet - Etienne D;OUI;23;21;2;0;2;OUI;OUI;2021-10-20T13:45:22+02:00;48.8152700999,2.298078277;Malakoff;
15105;Fï¿½ï¿½dï¿½ï¿½ration -;OUI;25;16;8;7;1;OUI;OUI;2021-10-20T13:45:04+02:00;48.8528281534,2.29787763208;Paris;
2111;Chabanais - Petits Champs;OUI;30;13;16;11;5;OUI;OUI;2021-10-20T13:44:35+02:00;48.8670374019,2.33671601862;Paris;
18031;Place Albert Kahn;OUI;46;38;6;2;4;OUI;OUI;2021-10-20T13:45:26+02:00;48.8957969798,2.34558558413;Paris;
8054;Bertie Albrecht - Hoche;OUI;32;23;8;8;0;OUI;OUI;2021-10-20T13:46:25+02:00;48.8761403983,2.30130313831;Paris;
42014;Place Marcel Cachin;OUI;32;9;20;18;2;OUI;OUI;2021-10-20T13:42:12+02:00;48.8141144236,2.39090770483;Ivry-sur-Seine;
15109;Cevennes - Bergers;OUI;29;14;12;12;0;OUI;OUI;2021-10-20T13:43:10+02:00;48.8424076513,2.28103771806;Paris;
5018;Mutualitï¿;OUI;37;1;34;29;5;OUI;OUI;2021-10-20T13:46:08+02:00;48.8482255727,2.35028732568;Paris;
21209;Moliï¿½ï¿½re - Rï¿½ï¿½;OUI;30;26;3;1;2;OUI;OUI;2021-10-20T13:46:21+02:00;48.8111158139,2.31457386244;Montrouge;
8017;Rocher - Laborde;OUI;65;52;13;13;0;OUI;OUI;2021-10-20T13:46:41+02:00;48.8759024071,2.32261631638;Paris;
21005;Hï¿½ï¿½tel de Ville de Boulogne Billanc;OUI;26;11;14;12;2;OUI;OUI;2021-10-20T13:45:26+02:00;48.8349588517,2.24168032408;Boulogne-Billancourt;
5124;Erasme - Ulm;OUI;24;13;10;4;6;OUI;OUI;2021-10-20T13:45:19+02:00;48.8426437527,2.34459467232;Paris;
35010;Hoche - Jean Lolive;OUI;24;20;1;0;1;OUI;OUI;2021-10-20T13:45:53+02:00;48.891102392,2.40284353495;Pantin;
14106;Marc Sangnier - Porte de Vanves;OUI;21;18;2;1;1;OUI;OUI;2021-10-20T13:37:22+02:00;48.8252186836,2.31071166694;Paris;
15110;Place Robert Guillemard;OUI;24;2;22;21;1;OUI;OUI;2021-10-20T13:46:15+02:00;48.8361917281,2.28112671601;Paris;
18046;Etienne Jodelle - Saint Ouen;OUI;33;32;0;0;0;OUI;OUI;2021-10-20T13:43:16+02:00;48.8879401639,2.32612442031;Paris;
18022;Marcadet - Barbï¿½;OUI;37;29;7;5;2;OUI;OUI;2021-10-20T13:43:00+02:00;48.890451121,2.34905739297;Paris;
35002;Jean Jaurï¿½ï¿½s - Pre;OUI;30;20;9;6;3;OUI;OUI;2021-10-20T13:41:53+02:00;48.907134415,2.39600572805;Pantin;
44003;Gabriel Pï¿½ï¿½ri - Danielle Casa;OUI;20;7;10;9;1;OUI;OUI;2021-10-20T13:43:22+02:00;48.790114,2.4025777;Vitry-sur-Seine;
31102;Boissiï¿½ï¿½re - Etienne D;OUI;21;20;0;0;0;OUI;OUI;2021-10-20T13:40:46+02:00;48.876111,2.4677312;Montreuil;
15034;Lakanal - Commerce;OUI;53;14;33;32;1;OUI;OUI;2021-10-20T13:45:48+02:00;48.8444246279,2.29405917227;Paris;
44013;Edouard Tremblay - Julian Grimau;OUI;30;30;0;0;0;OUI;OUI;2021-10-20T13:44:54+02:00;48.7813838251,2.37235084176;Vitry-sur-Seine;
22203;Tertres - Fontaine;OUI;28;27;1;0;1;OUI;OUI;2021-10-20T13:41:42+02:00;48.7875536547,2.30623573065;Bagneux;
14124;David Weill - Parc Montsouris;OUI;22;20;2;0;2;OUI;OUI;2021-10-20T13:42:20+02:00;48.8210923743,2.33372569084;Paris;
21112;Claude Debussy - Marc Bloch;OUI;28;28;0;0;0;NON;NON;2021-10-13T22:08:33+02:00;48.9103881805,2.31177717447;Clichy;
15133;Saint Lambert - Blomet;OUI;27;17;8;5;3;OUI;OUI;2021-10-20T13:45:47+02:00;48.8365914815,2.29305569082;Paris;
25003;Henri Ste-Claire Dï¿½ï¿½ville - Paul Hï¿½;OUI;24;9;14;11;3;OUI;OUI;2021-10-20T13:45:42+02:00;48.892663,2.172411;Rueil-Malmaison;
21006;Marcelin Berthelot;OUI;27;4;21;19;2;OUI;OUI;2021-10-20T13:46:11+02:00;48.8415473059,2.23316162825;Boulogne-Billancourt;
20115;Louis Lumiï¿½ï¿½re - Porte de Bagn;OUI;20;18;0;0;0;OUI;OUI;2021-10-20T13:42:22+02:00;48.86431136,2.41052102298;Paris;
10042;Enghien - Faubourg Poissonniï¿½ï;OUI;16;16;0;0;0;NON;NON;2021-02-21T21:15:22+01:00;48.8724200631,2.34839523628;Paris;
22402;Jean Jaurï¿½ï¿½s - Salvador All;OUI;43;30;10;3;7;OUI;OUI;2021-10-20T13:41:24+02:00;48.8214755947,2.30265766382;Malakoff;
20131;Repos - Cimetiï¿½ï¿½re du Pï¿½ï¿½re ;OUI;33;32;1;1;0;OUI;OUI;2021-10-20T13:44:01+02:00;48.8593585236,2.38961313668;Paris;
21008;Victor Hugo - Galliï¿½ï;OUI;34;8;24;21;3;OUI;OUI;2021-10-20T13:44:40+02:00;48.8380201544,2.24608451128;Boulogne-Billancourt;
14012;Sibelle - Alï¿½ï¿;OUI;25;24;1;0;1;OUI;OUI;2021-10-20T13:41:22+02:00;48.8267017585,2.33849834651;Paris;
11039;Richard Lenoir - Jean-Pierre Timbaud;OUI;36;29;5;3;2;OUI;OUI;2021-10-20T13:45:42+02:00;48.8658042767,2.36933707497;Paris;
31008;Franï¿½ï¿½ois Debergue - Croix de Cha;OUI;57;51;6;2;4;OUI;OUI;2021-10-20T13:45:45+02:00;48.8574217081,2.43757814169;Montreuil;
17013;Legendre - Dulong;OUI;23;20;0;0;0;OUI;OUI;2021-10-20T13:46:37+02:00;48.8853251694,2.31642376631;Paris;
21015;Nationale - Place Jules Guesde;OUI;23;16;5;2;3;OUI;OUI;2021-10-20T13:40:45+02:00;48.8275396246,2.24160522223;Boulogne-Billancourt;
16008;Galilï¿½ï¿½e - Klï;OUI;33;25;5;3;2;OUI;OUI;2021-10-20T13:46:11+02:00;48.8674118657,2.29078138011;Paris;
41404;Carnot - Pï¿½ï¿½quere;OUI;26;16;10;8;2;OUI;OUI;2021-10-20T13:45:11+02:00;48.7959293943,2.42618411779;Alfortville;
5106;Cujas - Saint-Michel;OUI;19;5;13;7;6;OUI;OUI;2021-10-20T13:44:36+02:00;48.8481913486,2.34183165485;Paris;
48010;Karl Marx.;OUI;16;12;3;3;0;OUI;OUI;2021-10-20T13:36:47+02:00;48.7845279373,2.36466679795;Villejuif;
11026;Chemin Vert - Saint-Maur;OUI;45;43;2;1;1;OUI;OUI;2021-10-20T13:44:06+02:00;48.8611246141,2.38129902631;Paris;
41202;Gare Rer de Fontenay sous Bois;OUI;61;53;6;5;1;OUI;OUI;2021-10-20T13:43:44+02:00;48.8436279,2.4630465;Fontenay-sous-Bois;
13050;Quai Panhard et Levassor;OUI;57;4;52;50;2;OUI;OUI;2021-10-20T13:45:32+02:00;48.8283748281,2.38427374581;Paris;
42021;Raspail - Manufacture des Oeillets;OUI;32;13;18;14;4;OUI;OUI;2021-10-20T13:37:18+02:00;48.8094458,2.3903009;Ivry-sur-Seine;
32604;Square du Thï¿½ï¿½ï¿½ï¿½tre du Gard;OUI;50;47;1;0;1;OUI;OUI;2021-10-20T13:44:06+02:00;48.8812873751,2.42011964321;Les Lilas;
11030;Oberkampf - Rï¿½ï¿½publ;OUI;24;22;2;2;0;OUI;OUI;2021-10-20T13:45:08+02:00;48.8654533,2.3760261;Paris;
9010;Rochechouart lamartine;OUI;24;15;5;4;1;OUI;OUI;2021-10-20T13:45:02+02:00;48.8767198951,2.34439302185;Paris;
31708;Noisy le Sec - Jean-Baptiste Clï¿½ï¿½;OUI;22;20;1;0;1;OUI;OUI;2021-10-20T13:40:16+02:00;48.8745153896,2.41528362036;Bagnolet;
11105;Parmentier - Rï¿½ï¿½publ;OUI;50;41;5;1;4;OUI;OUI;2021-10-20T13:45:26+02:00;48.8644954,2.3750124;Paris;
35020;Marcelle - Thalie;OUI;20;19;1;0;1;OUI;OUI;2021-10-20T13:37:19+02:00;48.8835462,2.4137883;Pantin;
20134;Lieutenant Chaurï¿½ï¿½ - Etienne M;OUI;20;18;1;1;0;OUI;OUI;2021-10-20T13:45:08+02:00;48.8674619541,2.40597099066;Paris;
31003;Paris - Emile Zola;OUI;30;22;6;6;0;OUI;OUI;2021-10-20T13:45:12+02:00;48.8548980958,2.41866856813;Montreuil;
15103;Cauchy - Cï¿½ï¿½ve;OUI;51;7;42;40;2;OUI;OUI;2021-10-20T13:43:59+02:00;48.843372571,2.27513283491;Paris;
9116;Victoire - Chaussï¿½ï¿½e d'A;OUI;24;11;13;11;2;OUI;OUI;2021-10-20T13:45:40+02:00;48.875065791,2.33167380095;Paris;
18009;Jean-Franï¿½ï¿½ois Lï¿½ï¿½pine - St;OUI;22;17;5;1;4;OUI;OUI;2021-10-20T13:40:17+02:00;48.886114668,2.35685562753;Paris;
1119;Cossonnerie - Sï¿½ï¿½bast;OUI;24;9;12;10;2;OUI;OUI;2021-10-20T13:46:24+02:00;48.8613266591,2.34941963106;Paris;
22003;Beffroy;OUI;26;2;23;20;3;OUI;OUI;2021-10-20T13:46:40+02:00;48.8865910745,2.26139456034;Neuilly-sur-Seine;
17031;Place de la Porte de Champerret;OUI;28;27;1;1;0;OUI;OUI;2021-10-20T13:43:50+02:00;48.8856174163,2.29078141128;Paris;
16038;Molitor - Chardon-Lagache;OUI;34;15;18;15;3;OUI;OUI;2021-10-20T13:39:21+02:00;48.8452088018,2.2656840831;Paris;
19024;Botzaris - Parc des Buttes Chaumont;OUI;20;18;1;1;0;OUI;OUI;2021-10-20T13:40:37+02:00;48.877951,2.381464;Paris;
17125;Marie-Georges Picquart - Pereire;OUI;32;24;7;5;2;OUI;OUI;2021-10-20T13:43:11+02:00;48.8886366935,2.31117065996;Paris;
8057;Hoche - Tilsitt;OUI;33;27;6;4;2;OUI;OUI;2021-10-20T13:45:22+02:00;48.8748364578,2.29713231325;Paris;
19032;Villette - Belleville;OUI;48;39;5;3;2;OUI;OUI;2021-10-20T13:46:37+02:00;48.8726877314,2.37646132708;Paris;
15021;Joseph Liouville - Croix Nivert;OUI;64;31;29;27;2;OUI;OUI;2021-10-20T13:45:51+02:00;48.8448354712,2.29750849307;Paris;
16136;Thï¿½ï¿½ophile Gautier - Franï¿½ï¿½oi;OUI;30;18;6;3;3;OUI;OUI;2021-10-20T13:46:33+02:00;48.8503482132,2.27302998304;Paris;
17105;Place Madeleine Daniï¿½ï¿;OUI;42;31;10;7;3;OUI;OUI;2021-10-20T13:42:23+02:00;48.883498,2.282015;Paris;
11024;Mairie du 11ï¿½ï;OUI;51;46;0;0;0;OUI;OUI;2021-10-20T13:46:06+02:00;48.858925,2.3789759;Paris;
5012;Estrapade - Ulm;OUI;16;3;12;6;6;OUI;OUI;2021-10-20T13:43:35+02:00;48.8451277283,2.34545681704;Paris;
24001;Arche - Lï¿½ï¿½onard de V;OUI;28;12;13;8;5;OUI;OUI;2021-10-20T13:45:46+02:00;48.8979097249,2.23837230436;Courbevoie;
21701;Larmeroux - Baudelaire;OUI;30;27;3;2;1;OUI;OUI;2021-10-20T13:43:05+02:00;48.8169399113,2.28098948048;Vanves;
14136;Auguste Cain - Jean Moulin;OUI;40;39;1;1;0;OUI;OUI;2021-10-20T13:45:08+02:00;48.8257702893,2.32104152441;Paris;
41601;Gï¿½ï¿½nï¿½ï¿½ral De Gaulle - ;OUI;26;20;5;2;3;OUI;OUI;2021-10-20T13:44:56+02:00;48.839109,2.4175664;Saint-Mandï¿;
8025;Miromesnil - La Boï¿½ï¿;OUI;35;3;30;23;7;OUI;OUI;2021-10-20T13:45:39+02:00;48.8737224129,2.31584809721;Paris;
14110;Abbï¿½ï¿½ Carton - Pla;OUI;25;22;3;1;2;OUI;OUI;2021-10-20T13:38:14+02:00;48.8276738232,2.3209181428;Paris;
32302;Chemin Vert - Fraternitï¿;OUI;20;16;3;0;3;OUI;OUI;2021-10-20T13:46:02+02:00;48.8771412084,2.44615651667;Romainville;
16108;Sablons - Georges Mandel;OUI;38;36;1;1;0;OUI;OUI;2021-10-20T13:42:30+02:00;48.863875,2.28189;Paris;
9032;Mathurins - Auber;OUI;36;6;29;23;6;OUI;OUI;2021-10-20T13:42:37+02:00;48.8729888407,2.32949842123;Paris;
43005;Gare RER de Vincennes;OUI;51;40;11;10;1;OUI;OUI;2021-10-20T13:46:11+02:00;48.8475630151,2.43338316679;Vincennes;
5123;Saint-Germain - Thenard;OUI;31;14;16;15;1;OUI;OUI;2021-10-20T13:45:34+02:00;48.850571,2.3471015;Paris;
19022;Marchï¿½ï¿½ Secrï;OUI;26;24;1;1;0;OUI;OUI;2021-10-20T13:46:37+02:00;48.8812549638,2.37346328795;Paris;
15046;Parc Georges Brassens - Brancion;OUI;29;24;5;4;1;OUI;OUI;2021-10-20T13:45:00+02:00;48.8322782927,2.30225700885;Paris;
22016;Charles de Gaulle - Sablonville;OUI;26;23;2;0;2;OUI;OUI;2021-10-20T13:41:26+02:00;48.8799192486,2.27637704462;Neuilly-sur-Seine;
16040;Exelmans - Michel-Ange;OUI;33;25;4;2;2;OUI;OUI;2021-10-20T13:45:26+02:00;48.8430948665,2.25977708007;Paris;
10014;Marseille - Beaurepaire;OUI;55;43;6;5;1;OUI;OUI;2021-10-20T13:45:31+02:00;48.871624307,2.36392650827;Paris;
17028;Reims - Raymond Pitet;OUI;37;30;6;3;3;OUI;OUI;2021-10-20T13:44:01+02:00;48.8888,2.296319;Paris;
13002;Arago - Glaciï¿½ï;OUI;27;21;4;4;0;OUI;OUI;2021-10-20T13:46:28+02:00;48.8348605478,2.34457705243;Paris;
21301;Saint-Vincent - Verdun;OUI;34;14;17;17;0;OUI;OUI;2021-10-20T13:46:33+02:00;48.8192115492,2.25400775671;Issy-les-Moulineaux;
11035;Parmentier - Abel Rabaud;OUI;52;47;1;0;1;OUI;OUI;2021-10-20T13:39:06+02:00;48.8692127384,2.37168882124;Paris;
42302;Aristide Briand - Gare de Bagneux;OUI;22;17;5;3;2;OUI;OUI;2021-10-20T13:44:34+02:00;48.7938726966,2.32114881277;Cachan;
42010;Mairie d'Ivry-sur-Seine;OUI;53;12;38;38;0;OUI;OUI;2021-10-20T13:46:15+02:00;48.8105712097,2.38428264856;Ivry-sur-Seine;
21110;Parc Roger Salengro;OUI;35;26;6;3;3;OUI;OUI;2021-10-20T13:46:26+02:00;48.9053038586,2.31055945158;Clichy;
46001;Place Paul Eluard;OUI;19;3;14;14;0;OUI;OUI;2021-10-20T13:46:23+02:00;48.7672039733,2.41449773312;Choisy-le-Roi;
11042;Grand Prieurï¿½ï¿½ - Cru;OUI;49;44;3;3;0;OUI;OUI;2021-10-20T13:45:50+02:00;48.8646606279,2.36922655318;Paris;
22006;Pierret - Madrid;OUI;28;4;23;16;7;OUI;OUI;2021-10-20T13:44:31+02:00;48.8829765769,2.26012576725;Neuilly-sur-Seine;
19016;Hautpoul - Jean Jaurï¿½;OUI;33;29;4;2;2;OUI;OUI;2021-10-20T13:41:03+02:00;48.8863936794,2.38654145444;Paris;
19029;Seine - Flandre;OUI;19;15;4;3;1;OUI;OUI;2021-10-20T13:38:11+02:00;48.8867857415,2.37461932003;Paris;
9005;Square d'Anvers;OUI;34;32;0;0;0;OUI;OUI;2021-10-20T13:43:13+02:00;48.8826334843,2.34488440621;Paris;
32003;Wilson - Mï¿½ï¿½tallu;OUI;28;14;12;10;2;OUI;OUI;2021-10-20T13:45:48+02:00;48.9094230101,2.35844358802;Saint-Denis;
7102;Mairie du 7ï¿½ï;OUI;27;11;16;15;1;OUI;OUI;2021-10-20T13:45:28+02:00;48.8577967,2.3192664;Paris;
21104;Madame de Sanzillon - Mozart;OUI;22;2;17;16;1;OUI;OUI;2021-10-20T13:42:31+02:00;48.9037982077,2.31874018908;Clichy;
19013;Laumiï¿½ï¿½re - P;OUI;34;29;3;0;3;OUI;OUI;2021-10-20T13:46:24+02:00;48.8846736854,2.38003905863;Paris;
15013;Volontaire - Lecourbe;OUI;31;22;7;4;3;OUI;OUI;2021-10-20T13:46:37+02:00;48.843513788,2.30655223131;Paris;
11004;Charonne - Faubourg Saint-Antoine;OUI;34;4;23;22;1;OUI;OUI;2021-10-20T13:44:44+02:00;48.8521919097,2.37409327179;Paris;
1002;Victoria - Place du Chatelet;OUI;22;15;6;2;4;OUI;OUI;2021-10-20T13:40:46+02:00;48.8579925915,2.34691679478;Paris;
42301;Gare Arcueil - Cachan;OUI;26;18;7;4;3;OUI;OUI;2021-10-20T13:44:38+02:00;48.799824,2.328171;Arcueil;
42504;Gare RER de Gentilly;OUI;30;26;3;1;2;OUI;OUI;2021-10-20T13:44:47+02:00;48.8142804504,2.34103471041;Gentilly;
20121;Boyer - Mï¿½ï¿½nilmon;OUI;19;19;0;0;0;OUI;OUI;2021-10-20T13:40:48+02:00;48.8688951627,2.39198241456;Paris;
19008;Flandre - Alphonse Karr;OUI;26;21;3;2;1;OUI;OUI;2021-10-20T13:45:50+02:00;48.89465,2.381868;Paris;
42015;Place Jean Ferrat;OUI;25;19;6;1;5;OUI;OUI;2021-10-20T13:45:59+02:00;48.8184945213,2.37441748381;Ivry-sur-Seine;
32016;Place de la Porte de Paris;OUI;40;29;9;6;3;OUI;OUI;2021-10-20T13:42:51+02:00;48.9300936321,2.35640376806;Saint-Denis;
20111;Villiers de l'Isle Adam - Pyrï¿½ï¿½n;OUI;20;13;6;1;5;OUI;OUI;2021-10-20T13:40:37+02:00;48.867362,2.396222;Paris;
9021;Saint Georges - d'Aumale;OUI;23;20;2;1;1;OUI;OUI;2021-10-20T13:46:05+02:00;48.877786396,2.33742982149;Paris;
15201;Place Amï¿½ï¿½dï¿½ï¿½e Gordini - ;OUI;38;33;4;2;2;OUI;OUI;2021-10-20T13:43:38+02:00;48.8306173775,2.29206342083;Paris;
31010;Stalingrad - Dï¿½ï¿½sirï¿½ï¿½ C;OUI;42;41;1;0;1;OUI;OUI;2021-10-20T13:45:45+02:00;48.8567016974,2.44507223368;Montreuil;
8013;Marignan - Champs-Elysï¿½ï;OUI;35;9;26;15;11;OUI;OUI;2021-10-20T13:46:42+02:00;48.8694956612,2.3066138139;Paris;
5006;Saint-Jacques - Soufflot;OUI;19;11;8;2;6;OUI;OUI;2021-10-20T13:42:31+02:00;48.8465255,2.343099;Paris;
92008;Hï¿½ï¿½tel de Ville de Nant;OUI;38;32;5;4;1;OUI;OUI;2021-10-20T13:46:09+02:00;48.8923718983,2.20554895699;Nanterre;
43003;Hï¿½ï¿½pital Bï;OUI;26;16;9;5;4;OUI;OUI;2021-10-20T13:42:50+02:00;48.8457167211,2.42724627256;Vincennes;
41402;Victor Hugo - Ecoles;OUI;25;9;14;13;1;OUI;OUI;2021-10-20T13:46:10+02:00;48.8047600794,2.41803739303;Alfortville;
11036;Jules Ferry - Faubourg du Temple Paris;OUI;58;26;26;21;5;OUI;OUI;2021-10-20T13:46:31+02:00;48.868397,2.3678933;Paris;
12009;Charenton - Diderot;OUI;18;11;7;7;0;OUI;OUI;2021-10-20T13:45:24+02:00;48.8461714612,2.37930681556;Paris;
18012;Stephenson - Doudeauville;OUI;36;35;1;0;1;OUI;OUI;2021-10-20T13:42:39+02:00;48.8885370489,2.35616102815;Paris;
7005;Raspail - Bac;OUI;52;6;46;42;4;OUI;OUI;2021-10-20T13:45:57+02:00;48.8556287211,2.32566028833;Paris;
19125;Place de l'ï¿½ï¿½dit de Na;OUI;30;27;1;0;1;OUI;OUI;2021-10-20T13:43:52+02:00;48.88879,2.3785;Paris;
18201;Tristan Tzara -  Tchaï¿½ï¿½ko;OUI;33;29;1;0;1;OUI;OUI;2021-10-20T13:40:31+02:00;48.8949022175,2.36484903842;Paris;
14036;Boulard - Daguerre;OUI;45;44;1;1;0;OUI;OUI;2021-10-20T13:46:35+02:00;48.8344647268,2.32933860272;Paris;
32303;Gaston Roussel - Commune de Paris;OUI;30;21;6;2;4;OUI;OUI;2021-10-20T13:45:28+02:00;48.8943203455,2.43255227442;Romainville;
23009;Anatole France - Louise Michel;OUI;50;45;4;1;3;OUI;OUI;2021-10-20T13:44:17+02:00;48.8887321493,2.28815764189;Levallois-Perret;
12027;Montgallet - Charenton;OUI;16;1;15;13;2;OUI;OUI;2021-10-20T13:45:09+02:00;48.8426477787,2.38616492781;Paris;
11009;Boulets - Voltaire;OUI;24;9;9;5;4;OUI;OUI;2021-10-20T13:44:57+02:00;48.8521870562,2.38903015852;Paris;
21305;Place Jacques Madaule;OUI;25;14;9;7;2;OUI;OUI;2021-10-20T13:41:18+02:00;48.8239337873,2.26069182158;Issy-les-Moulineaux;
11007;Jean Macï¿½ï¿½ - Faidh;OUI;63;49;10;8;2;OUI;OUI;2021-10-20T13:45:01+02:00;48.8533754843,2.38286208361;Paris;
6013;Jacques Callot - Mazarine;OUI;28;7;20;17;3;OUI;OUI;2021-10-20T13:46:37+02:00;48.8552801753,2.3375743255;Paris;
42029;Stalingrad - Germaine Tailleferre;OUI;28;17;9;5;4;OUI;OUI;2021-10-20T13:45:29+02:00;48.8025720048,2.37866912037;Ivry-sur-Seine;
26007;Square Gilbert Thomain;OUI;20;14;4;1;3;OUI;OUI;2021-10-20T13:46:32+02:00;48.9071737381,2.26954009384;Asniï¿½ï¿½res-sur-S;
8035;Bienfaisance - Place de Narvik;OUI;36;6;29;21;8;OUI;OUI;2021-10-20T13:45:01+02:00;48.8766016346,2.31297712773;Paris;
33018;Edouard Poisson - Victor Hugo;OUI;30;24;5;2;3;OUI;OUI;2021-10-20T13:43:55+02:00;48.9111391495,2.37927228212;Aubervilliers;
21313;Guynemer - Sï¿½ï¿½ve;OUI;26;4;20;20;0;OUI;OUI;2021-10-20T13:45:52+02:00;48.8309174337,2.27907065302;Issy-les-Moulineaux;
7015;Varenne;OUI;47;17;29;24;5;OUI;OUI;2021-10-20T13:46:24+02:00;48.8572026618,2.31527712196;Paris;
10113;Parmentier - Hï¿½ï¿½pital Saint-L;OUI;43;37;3;3;0;OUI;OUI;2021-10-20T13:43:35+02:00;48.8713798743,2.36989638367;Paris;
19005;Flandre - Riquet;OUI;21;18;0;0;0;OUI;OUI;2021-10-20T13:43:06+02:00;48.8880132814,2.37375959552;Paris;
28001;Richard Wallace - Place du 8 Mai 1945;OUI;30;12;15;11;4;OUI;OUI;2021-10-20T13:43:29+02:00;48.8786679479,2.24203437567;Puteaux;
12013;Montgallet - Reuilly;OUI;16;4;12;7;5;OUI;OUI;2021-10-20T13:46:05+02:00;48.844291,2.3896481;Paris;
17102;Alfred Roll - Berthier;OUI;32;19;11;8;3;OUI;OUI;2021-10-20T13:44:58+02:00;48.8878085705,2.30009529818;Paris;
35018;Ancien Canal - Hï¿½ï¿½lï¿½ï¿½;OUI;23;15;6;3;3;OUI;OUI;2021-10-20T13:41:23+02:00;48.894847993,2.41883385926;Pantin;
16111;Faustin Hï¿½ï¿½lie - Desbordes-Val;OUI;33;30;0;0;0;OUI;OUI;2021-10-20T13:39:50+02:00;48.859403,2.276522;Paris;
12115;Porte de Vincennes;OUI;33;20;10;9;1;OUI;OUI;2021-10-20T13:41:42+02:00;48.846454,2.415514;Paris;
14021;Place de la Porte de Chï¿½ï¿½ti;OUI;59;59;0;0;0;OUI;OUI;2021-10-20T13:41:24+02:00;48.8242469,2.3186306;Paris;
43402;Place de Verdun;OUI;40;11;27;25;2;OUI;OUI;2021-10-20T13:46:26+02:00;48.8202823,2.473775;Joinville-le-Pont;
7112;Quai d'Orsay - Invalides;OUI;18;18;0;0;0;NON;NON;2021-01-23T13:02:41+01:00;48.8630969001,2.31698962102;Paris;
23001;Paul Vaillant Couturier - Chaptal;OUI;39;8;30;28;2;OUI;OUI;2021-10-20T13:45:28+02:00;48.8934795762,2.27752536535;Levallois-Perret;
11115;Montreuil - Gonnet;OUI;24;22;0;0;0;OUI;OUI;2021-10-20T13:42:37+02:00;48.8505005649,2.38908562879;Paris;
13049;Vincent Auriol - Louise Weiss;OUI;22;1;21;18;3;OUI;OUI;2021-10-20T13:46:22+02:00;48.8340019355,2.37038880587;Paris;
15025;Dupleix - du Guesclin;OUI;47;10;32;32;0;OUI;OUI;2021-10-20T13:42:47+02:00;48.8514791041,2.29670953006;Paris;
41102;Gare de Laplace;OUI;43;37;5;2;3;OUI;OUI;2021-10-20T13:40:29+02:00;48.8089319911,2.33494609594;Arcueil;
18110;Departement - Pajol;OUI;19;17;2;0;2;OUI;OUI;2021-10-20T13:45:03+02:00;48.8866748497,2.36136116087;Paris;
19004;Quai de la Loire - Jean Jaurï¿½;OUI;16;7;5;4;1;OUI;OUI;2021-10-20T13:46:17+02:00;48.8833973385,2.37107452298;Paris;
32602;Mairie des Lilas;OUI;47;46;1;1;0;OUI;OUI;2021-10-20T13:40:50+02:00;48.8792834,2.4160182;Les Lilas;
16124;Route de Sï¿½ï¿½vres - Porte de Bagat;OUI;66;43;21;19;2;OUI;OUI;2021-10-20T13:44:58+02:00;48.8752598413,2.24941581488;Paris;
41606;Pasteur - Gambetta;OUI;19;10;7;4;3;OUI;OUI;2021-10-20T13:45:12+02:00;48.8457279738,2.42360115051;Saint-Mandï¿;
20043;Charonne - Avron;OUI;27;22;4;2;2;OUI;OUI;2021-10-20T13:46:28+02:00;48.8516026652,2.39840304704;Paris;
17011;Fragonard - Porte de Clichy;OUI;56;38;16;13;3;OUI;OUI;2021-10-20T13:45:19+02:00;48.8941556334,2.31438931078;Paris;
33009;Fï¿½ï¿½lix Faure - Sadi Ca;OUI;33;26;5;2;3;OUI;OUI;2021-10-20T13:44:58+02:00;48.9081211023,2.37862318754;Aubervilliers;
17045;Place des Ternes.;OUI;46;37;7;5;2;OUI;OUI;2021-10-20T13:41:53+02:00;48.8784386312,2.29772776365;Paris;
22505;Mairie de La Garenne Colombes;OUI;22;10;9;5;4;OUI;OUI;2021-10-20T13:44:38+02:00;48.9066382347,2.24679596722;La Garenne-Colombes;
24002;Gare de Courbevoie;OUI;36;21;11;10;1;OUI;OUI;2021-10-20T13:44:29+02:00;48.8993867,2.2506506;Courbevoie;
13045;Jean Colly - Tolbiac;OUI;36;18;17;10;7;OUI;OUI;2021-10-20T13:46:13+02:00;48.8278172916,2.37054906785;Paris;
16121;Jardin d'Acclimatation;OUI;33;26;7;4;3;OUI;OUI;2021-10-20T13:41:01+02:00;48.8787722425,2.27077223361;Paris;
14034;Ouest - Chï¿½ï¿½;OUI;23;22;0;0;0;OUI;OUI;2021-10-20T13:44:53+02:00;48.8361728601,2.31939214392;Paris;
14117;Gare Montparnasse - Renï¿½ï¿½ Mouch;OUI;39;38;1;0;1;OUI;OUI;2021-10-20T13:46:06+02:00;48.8392038433,2.32088394463;Paris;
16018;Flandrin - Henri Martin;OUI;18;13;3;0;3;OUI;OUI;2021-10-20T13:44:29+02:00;48.8643275,2.2724174;Paris;
18141;Clignancourt - Sofia;OUI;19;14;5;0;5;OUI;OUI;2021-10-20T13:44:56+02:00;48.8851199231,2.34719488842;Paris;
12034;Pirogues de Bercy - Libourne;OUI;49;5;42;25;17;OUI;OUI;2021-10-20T13:45:24+02:00;48.832308,2.38637;Paris;
17037;Bayen - Pereire;OUI;22;18;2;1;1;OUI;OUI;2021-10-20T13:41:06+02:00;48.8818044091,2.29210887104;Paris;
7009;Assemblï¿½ï¿½e Natio;OUI;63;30;30;25;5;OUI;OUI;2021-10-20T13:46:17+02:00;48.8614110147,2.32012141852;Paris;
11102;Alexandre Dumas - Voltaire;OUI;59;36;20;12;8;OUI;OUI;2021-10-20T13:43:56+02:00;48.8528886704,2.38914764081;Paris;
33019;Madeleine Vionnet;OUI;34;12;20;12;8;OUI;OUI;2021-10-20T13:46:22+02:00;48.9025190741,2.37408958375;Aubervilliers;
33003;Bordier - Fï¿½ï¿½lix F;OUI;48;41;5;4;1;OUI;OUI;2021-10-20T13:45:41+02:00;48.9039075188,2.38300591707;Aubervilliers;
15122;Place Charles Vallin;OUI;26;20;4;3;1;OUI;OUI;2021-10-20T13:46:37+02:00;48.835523812,2.30259865522;Paris;
5021;Jussieu - Fossï¿½ï¿½s Saint-Ber;OUI;39;0;37;36;1;OUI;OUI;2021-10-20T13:44:58+02:00;48.84718551,2.35348585993;Paris;
14019;Sarrette - Gï¿½ï¿½nï¿½ï¿½ral;OUI;22;20;1;0;1;OUI;OUI;2021-10-20T13:44:11+02:00;48.8250308529,2.3264128694;Paris;
25005;18 juin 1940 - Buzenval;OUI;25;16;8;6;2;OUI;OUI;2021-10-20T13:45:30+02:00;48.868807,2.185428;Rueil-Malmaison;
12029;Dugommier;OUI;55;42;10;7;3;OUI;OUI;2021-10-20T13:45:06+02:00;48.8388110488,2.38965779543;Paris;
19115;Porte de la Villette;OUI;27;21;4;3;1;OUI;OUI;2021-10-20T13:46:08+02:00;48.8983519655,2.38615013659;Paris;
5114;Claude Bernard - Arbalï¿½ï;OUI;17;4;13;13;0;OUI;OUI;2021-10-20T13:46:34+02:00;48.8397667698,2.34751090407;Paris;
32010;Place aux ï¿½ï¿½to;OUI;40;24;14;14;0;OUI;OUI;2021-10-20T13:44:52+02:00;48.9183562941,2.35234256834;Saint-Denis;
19019;Petit - Manin;OUI;22;18;4;3;1;OUI;OUI;2021-10-20T13:40:59+02:00;48.8865068753,2.39381554013;Paris;
15010;Square Cambronne;OUI;59;45;12;7;5;OUI;OUI;2021-10-20T13:45:39+02:00;48.8475665453,2.30256915092;Paris;
42207;Place des Marseillais;OUI;37;19;13;10;3;OUI;OUI;2021-10-20T13:41:22+02:00;48.8266390725,2.40592807531;Charenton-le-Pont;
17042;Porte Maillot - Pereire;OUI;52;49;3;2;1;OUI;OUI;2021-10-20T13:46:24+02:00;48.877775,2.284444;Paris;
12030;Charenton - Wattignies;OUI;33;25;6;4;2;OUI;OUI;2021-10-20T13:45:18+02:00;48.8366757964,2.39179585556;Paris;
15033;Place Violet;OUI;30;18;10;9;1;OUI;OUI;2021-10-20T13:42:01+02:00;48.8448789384,2.29057565331;Paris;
20036;Mï¿½ï¿½nilmontant - Pelle;OUI;19;19;0;0;0;OUI;OUI;2021-10-20T13:44:12+02:00;48.8706826338,2.39895960233;Paris;
8033;Commandant Riviï¿½ï;OUI;27;4;23;19;4;OUI;OUI;2021-10-20T13:43:38+02:00;48.872933,2.309796;Paris;
92003;Chanzy - Sud-Est;OUI;25;19;6;2;4;OUI;OUI;2021-10-20T13:44:25+02:00;48.8889120377,2.19563215971;Nanterre;
42707;Place Jean-Baptiste Clï¿½ï¿½;OUI;25;23;2;0;2;OUI;OUI;2021-10-20T13:45:31+02:00;48.8124046687,2.36170917749;Le Kremlin-Bicï¿½ï¿;
31705;Champeaux - Gallieni;OUI;50;47;0;0;0;OUI;OUI;2021-10-20T13:46:39+02:00;48.8644591347,2.41617780179;Bagnolet;
33001;Victor Hugo - Magasins Gï¿½ï¿½nï¿;OUI;34;21;10;4;6;OUI;OUI;2021-10-20T13:45:11+02:00;48.9032814011,2.36807238311;Aubervilliers;
8055;Courcelles - Place des Ternes;OUI;31;26;4;2;2;OUI;OUI;2021-10-20T13:41:51+02:00;48.8781999289,2.29928601887;Paris;
16034;Porte d'Auteuil;OUI;33;23;8;1;7;OUI;OUI;2021-10-20T13:44:22+02:00;48.8479394142,2.26083967835;Paris;
13014;Gare d'Austerlitz;OUI;14;7;5;4;1;OUI;OUI;2021-10-20T13:45:51+02:00;48.842524,2.364044;Paris;
20132;Rï¿½ï¿½union - A;OUI;26;25;0;0;0;OUI;OUI;2021-10-20T13:39:16+02:00;48.852566752,2.40392806871;Paris;
27002;Parc Pierre Lagravï¿½ï;OUI;30;7;23;20;3;OUI;OUI;2021-10-20T13:45:24+02:00;48.9265048813,2.23906967849;Colombes;
20119;Square des Saint-Simoniens;OUI;25;23;1;0;1;OUI;OUI;2021-10-20T13:37:38+02:00;48.8701796,2.3967273;Paris;
21109;Guichet - Jean Jaurï¿½;OUI;28;21;5;5;0;OUI;OUI;2021-10-20T13:45:04+02:00;48.9051698681,2.3023840785;Clichy;
21403;Gare de Clamart;OUI;14;9;5;1;4;OUI;OUI;2021-10-20T13:38:21+02:00;48.813835356,2.27227896452;Clamart;
20120;Evariste Galois;OUI;30;29;0;0;0;OUI;OUI;2021-10-20T13:42:48+02:00;48.8730875373,2.41333801299;Paris;
5119;Jussieu - Guy de la Brosse;OUI;40;0;40;31;9;OUI;OUI;2021-10-20T13:46:23+02:00;48.845665,2.355653;Paris;
21502;Verdun - Place Henri IV;OUI;26;3;23;10;13;OUI;OUI;2021-10-20T13:46:32+02:00;48.8707973756,2.22770031542;Suresnes;
35009;Jean Lolive - Parc Stalingrad;OUI;22;21;0;0;0;OUI;OUI;2021-10-20T13:42:25+02:00;48.892061744,2.40917354822;Pantin;
31012;Place Carnot;OUI;25;17;7;6;1;OUI;OUI;2021-10-20T13:45:35+02:00;48.8559393219,2.44153171778;Montreuil;
23701;Parvis Robert Schuman - Roger Salengro;OUI;24;17;6;2;4;OUI;OUI;2021-10-20T13:45:31+02:00;48.8126574706,2.19217512757;Chaville;
12126;Gravelle - Route du Bac;OUI;51;38;11;9;2;OUI;OUI;2021-10-20T13:43:56+02:00;48.824407,2.418455;Paris;
15126;Ernest Renan - Parc des Expositions;OUI;0;0;0;0;0;NON;NON;2021-09-09T23:21:38+02:00;48.8308975701,2.2853584215;Paris;
14104;Boyer-Barret - Raymond Losserand;OUI;23;22;1;1;0;OUI;OUI;2021-10-20T13:44:30+02:00;48.8332988023,2.31733839959;Paris;
14001;Edgar Quinet - Gaitï¿;OUI;27;26;1;0;1;OUI;OUI;2021-10-20T13:46:13+02:00;48.841160929,2.32459545135;Paris;
20113;Piat - Parc de Belleville;OUI;21;19;0;0;0;OUI;OUI;2021-10-20T13:44:50+02:00;48.8719562664,2.38498139028;Paris;
5116;Place Valhubert;OUI;37;4;32;29;3;OUI;OUI;2021-10-20T13:46:00+02:00;48.8441825773,2.36403666437;Paris;
41604;Lagny - Joffre;OUI;31;11;16;10;6;OUI;OUI;2021-10-20T13:39:18+02:00;48.8493068708,2.41794973612;Saint-Mandï¿;
42023;Place Lï¿½ï¿½on Gamb;OUI;26;2;24;21;3;OUI;OUI;2021-10-20T13:46:34+02:00;48.8146125024,2.40292936563;Ivry-sur-Seine;
31702;Pierre et Marie Curie - Julien Grimau;OUI;18;18;0;0;0;OUI;OUI;2021-10-20T13:41:18+02:00;48.8707140149,2.4240970239;Bagnolet;
16129;Ceinture du Lac Inferieure - Saint-Cloud;OUI;42;29;11;8;3;OUI;OUI;2021-10-20T13:45:41+02:00;48.8621807093,2.26178716868;Paris;
18005;Tardieu - Chappe;OUI;18;16;1;0;1;OUI;OUI;2021-10-20T13:46:25+02:00;48.8841467598,2.34184540808;Paris;
35019;Anatole France - Jean Lolive;OUI;28;18;6;3;3;OUI;OUI;2021-10-20T13:38:23+02:00;48.8949922,2.4253764;Pantin;
12024;Gare de Bercy;OUI;35;32;2;1;1;OUI;OUI;2021-10-20T13:46:05+02:00;48.8397945739,2.38260660321;Paris;
17018;Parc Monceau;OUI;18;11;5;4;1;OUI;OUI;2021-10-20T13:42:19+02:00;48.8810779141,2.30954926461;Paris;
92004;Nanterre - Universitï¿;OUI;20;5;11;5;6;OUI;OUI;2021-10-20T13:41:51+02:00;48.901365,2.212693;Nanterre;
14018;Porte d'Orlï¿½ï¿;OUI;48;43;3;1;2;OUI;OUI;2021-10-20T13:46:08+02:00;48.8227639,2.3249313;Paris;
20136;Henri Chevreau - Couronnes;OUI;27;25;2;0;2;OUI;OUI;2021-10-20T13:41:19+02:00;48.8703320531,2.3887776956;Paris;
15017;Place Falguiï¿½ï;OUI;23;20;2;0;2;OUI;OUI;2021-10-20T13:45:50+02:00;48.8362997394,2.31044646353;Paris;
43006;Vignerons - Minimes;OUI;29;24;3;1;2;OUI;OUI;2021-10-20T13:45:48+02:00;48.841486,2.430793;Vincennes;
15029;Emeriau - Place de Brazzaville;OUI;51;3;47;42;5;OUI;OUI;2021-10-20T13:46:10+02:00;48.8507852617,2.28715851903;Paris;
13104;Gare d'Austerlitz - Quai Saint-Bernard;OUI;27;6;18;17;1;OUI;OUI;2021-10-20T13:44:56+02:00;48.8436903086,2.36571639776;Paris;
5002;Sommerard - Saint-Jacques;OUI;34;4;28;22;6;OUI;OUI;2021-10-20T13:46:06+02:00;48.8503104329,2.3450158353;Paris;
21308;Bara - Henri Farman;OUI;36;1;34;27;7;OUI;OUI;2021-10-20T13:46:40+02:00;48.8332180275,2.26775676012;Issy-les-Moulineaux;
10005;Petites Ecuries - Faubourg Poissonniï¿½ï;OUI;18;2;14;9;5;OUI;OUI;2021-10-20T13:46:08+02:00;48.8739721724,2.3483887575;Paris;
7006;Quai Voltaire;OUI;32;0;29;25;4;OUI;OUI;2021-10-20T13:46:05+02:00;48.8589429862,2.33141820471;Paris;
15028;Grenelle - Dr Finlay;OUI;71;71;0;0;0;NON;NON;2021-03-29T09:17:46+02:00;48.8513154067,2.29195028543;Paris;
42503;Vladimir Ilitch Lï¿½ï¿½nine - Andrï¿½ï¿½;OUI;31;26;3;0;3;OUI;OUI;2021-10-20T13:38:46+02:00;48.8131995,2.33214586973;Arcueil;
18020;Francoeur - Marcadet;OUI;20;18;0;0;0;OUI;OUI;2021-10-20T13:46:38+02:00;48.8910412326,2.34001458544;Paris;
17017;Gare de Pont-Cardinet;OUI;34;29;3;2;1;OUI;OUI;2021-10-20T13:46:33+02:00;48.8871390148,2.31449414399;Paris;
5026;Pascal - Claude Bernard;OUI;49;18;25;23;2;OUI;OUI;2021-10-20T13:44:57+02:00;48.8390619522,2.34997820109;Paris;
13026;Place Jean Delay;OUI;35;28;4;2;2;OUI;OUI;2021-10-20T13:45:44+02:00;48.823316,2.354336;Paris;
8102;Lamennais - Washington;OUI;26;10;14;6;8;OUI;OUI;2021-10-20T13:45:53+02:00;48.8735299003,2.30344489217;Paris;
23002;Pont de Levallois-bï¿½ï¿;OUI;50;18;29;25;4;OUI;OUI;2021-10-20T13:46:27+02:00;48.8984179,2.2791311;Levallois-Perret;
8012;Batignolles - Place de Clichy;OUI;47;43;1;0;1;OUI;OUI;2021-10-20T13:45:11+02:00;48.8834745358,2.32649311423;Paris;
14139;Pierre Larousse - Raymond Losserand;OUI;30;29;0;0;0;OUI;OUI;2021-10-20T13:41:16+02:00;48.8305956423,2.31191832572;Paris;
21013;Pierre Grenier - Pont de Billancourt;OUI;21;7;12;7;5;OUI;OUI;2021-10-20T13:43:39+02:00;48.8258020743,2.2487989068;Boulogne-Billancourt;
13102;Pitiï¿½ï¿½-Salpï¿½ï¿;OUI;51;13;37;26;11;OUI;OUI;2021-10-20T13:44:15+02:00;48.8374881032,2.36521381885;Paris;
2010;Uzï¿½ï¿½s - Montma;OUI;29;16;10;9;1;OUI;OUI;2021-10-20T13:45:30+02:00;48.8707909802,2.34310101718;Paris;
15055;Vasco de Gama;OUI;54;4;41;39;2;OUI;OUI;2021-10-20T13:45:53+02:00;48.8367178347,2.28366408565;Paris;
23011;Bineau - Louise Michel;OUI;25;12;10;8;2;OUI;OUI;2021-10-20T13:44:02+02:00;48.8866616221,2.28432744741;Levallois-Perret;
34002;Capitaine Glarner - Gabriel Pï¿½ï;OUI;27;15;7;4;3;OUI;OUI;2021-10-20T13:45:33+02:00;48.9024499004,2.33048075334;Saint-Ouen-sur-Seine;
21111;Professeur Renï¿½ï¿½ Leriche - Gï¿½ï¿½nï¿½ï¿;OUI;50;20;26;17;9;OUI;OUI;2021-10-20T13:45:32+02:00;48.9078284548,2.3078879714;Clichy;
7014;Saint-Franï¿½ï¿½ois-Xa;OUI;42;33;8;6;2;OUI;OUI;2021-10-20T13:46:19+02:00;48.8515448477,2.31461495161;Paris;
17007;Navier - Epinettes;OUI;36;34;2;0;2;OUI;OUI;2021-10-20T13:46:05+02:00;48.8958778077,2.32267767191;Paris;
16006;Lauriston - Copernic;OUI;19;19;0;0;0;NON;NON;2021-01-08T06:44:26+01:00;48.86926,2.289918;Paris;
11114;Ledru-Rollin - Charonne;OUI;32;12;17;14;3;OUI;OUI;2021-10-20T13:46:39+02:00;48.8534585561,2.37724635819;Paris;
21032;Sï¿½ï¿½vres-Gall;OUI;27;3;18;14;4;OUI;OUI;2021-10-20T13:46:38+02:00;48.837809409,2.22815193236;Boulogne-Billancourt;
20040;Parc de Belleville - Julien Lacroix;OUI;26;25;1;1;0;OUI;OUI;2021-10-20T13:38:21+02:00;48.8703459,2.3842214;Paris;
20109;Haxo - Surmelin;OUI;21;21;0;0;0;OUI;OUI;2021-10-20T13:38:19+02:00;48.8694370761,2.40539657538;Paris;
12011;Charenton - Place du Col Bourgoin;OUI;35;20;11;11;0;OUI;OUI;2021-10-20T13:43:24+02:00;48.8448673196,2.38257893505;Paris;
6103;Mï¿½ï¿½ziï¿½ï¿½res ;OUI;55;43;11;9;2;OUI;OUI;2021-10-20T13:45:44+02:00;48.8502345932,2.33038198203;Paris;
21105;Morice - Gï¿½ï¿½nï¿½ï¿½ral;OUI;25;17;8;5;3;OUI;OUI;2021-10-20T13:40:59+02:00;48.9024547198,2.31289297342;Clichy;
15038;Place Adolphe Cherioux - Vaugirard;OUI;63;55;4;4;0;OUI;OUI;2021-10-20T13:42:43+02:00;48.839594428,2.30106577277;Paris;
10023;Gare de l'Est - Verdun;OUI;14;11;3;0;3;OUI;OUI;2021-10-20T13:46:22+02:00;48.8761560543,2.36091490832;Paris;
12001;Bastille - Biscornet;OUI;62;19;39;37;2;OUI;OUI;2021-10-20T13:45:48+02:00;48.8513557796,2.36922003329;Paris;
11101;Charles Delescluze;OUI;49;37;7;0;7;OUI;OUI;2021-10-20T13:43:10+02:00;48.8524220085,2.38063249737;Paris;
31019;Vincennes - Douy-Delcupe;OUI;38;33;4;2;2;OUI;OUI;2021-10-20T13:42:17+02:00;48.8549369216,2.43604928255;Montreuil;
14130;Jonquoy - Didot;OUI;31;31;0;0;0;OUI;OUI;2021-10-20T13:42:17+02:00;48.8289045482,2.31648076326;Paris;
44012;Gï¿½ï¿½nie - Mo;OUI;19;15;4;2;2;OUI;OUI;2021-10-20T13:44:50+02:00;48.7949023812,2.37341836095;Vitry-sur-Seine;
10015;Lucien Sampaix - Rï¿½ï¿½col;OUI;46;42;3;2;1;OUI;OUI;2021-10-20T13:42:07+02:00;48.8743303776,2.36212290823;Paris;
10165;Gare de l'Est - Place du 11 Novembre 1918;OUI;40;35;3;2;1;OUI;OUI;2021-10-20T13:44:03+02:00;48.876327,2.3585464;Paris;
41207;Place du Gï¿½ï¿½nï¿½ï¿½ral d;OUI;28;19;7;1;6;OUI;OUI;2021-10-20T13:46:24+02:00;48.8525288,2.4877332;Fontenay-sous-Bois;
31016;Lucie Aubrac - Franklin;OUI;36;30;3;2;1;OUI;OUI;2021-10-20T13:44:12+02:00;48.8622391601,2.44358628988;Montreuil;
8101;Londres - Amsterdam;OUI;23;19;4;2;2;OUI;OUI;2021-10-20T13:44:27+02:00;48.8780344615,2.32648354097;Paris;
13016;Primo Levi - Frigos;OUI;34;1;32;24;8;OUI;OUI;2021-10-20T13:45:17+02:00;48.8309484485,2.37965351593;Paris;
21019;Edouard Vaillant - Paul-Adolphe Souriau;OUI;28;3;24;21;3;OUI;OUI;2021-10-20T13:44:31+02:00;48.8348458588,2.24794596434;Boulogne-Billancourt;
11020;Belfort - Voltaire;OUI;39;25;13;5;8;OUI;OUI;2021-10-20T13:46:27+02:00;48.8563358,2.3829901;Paris;
6018;Michelet - Assas;OUI;18;9;9;4;5;OUI;OUI;2021-10-20T13:46:36+02:00;48.8427415028,2.3350211978;Paris;
13043;Dunois - Clisson;OUI;51;35;13;11;2;OUI;OUI;2021-10-20T13:45:56+02:00;48.832294,2.3674523;Paris;
12032;Porte Dorï¿½;OUI;36;12;22;18;4;OUI;OUI;2021-10-20T13:46:34+02:00;48.8354337,2.4077132;Paris;
14122;Colonel Monteil - Brune;OUI;19;19;0;0;0;OUI;OUI;2021-10-20T13:44:59+02:00;48.8265029331,2.30927479983;Paris;
19037;Belleville - Porte des Lilas;OUI;32;32;0;0;0;OUI;OUI;2021-10-20T13:37:30+02:00;48.8766039189,2.40476969113;Paris;
44102;Verdun - Adrien Damalix;OUI;26;7;19;14;5;OUI;OUI;2021-10-20T13:41:41+02:00;48.8222334179,2.42153283209;Saint-Maurice;
6107;Place Alphonse Deville;OUI;23;8;14;13;1;OUI;OUI;2021-10-20T13:44:01+02:00;48.8501882627,2.32759617269;Paris;
19039;Edouard Pailleron - Simon Bolivar;OUI;24;22;2;1;1;OUI;OUI;2021-10-20T13:45:59+02:00;48.8797988605,2.37483926117;Paris;
19109;Tanger - Place du Maroc;OUI;19;15;2;0;2;OUI;OUI;2021-10-20T13:43:28+02:00;48.8862524447,2.36892968416;Paris;
16032;Eglise d'Auteuil;OUI;21;16;2;1;1;OUI;OUI;2021-10-20T13:43:21+02:00;48.8474984177,2.26848387135;Paris;
32014;Place du Cornillon - Stade de France;OUI;35;35;0;0;0;OUI;OUI;2021-10-20T13:40:43+02:00;48.9254069584,2.36444268376;Saint-Denis;
9023;Laffitte - Italiens;OUI;33;6;26;14;12;OUI;OUI;2021-10-20T13:46:23+02:00;48.8718157374,2.33720154785;Paris;
18032;Porte de Clignancourt.;OUI;56;47;8;3;5;OUI;OUI;2021-10-20T13:42:31+02:00;48.897488,2.343996;Paris;
20021;Indre - Prairies;OUI;38;34;2;1;1;OUI;OUI;2021-10-20T13:45:09+02:00;48.8625439851,2.40329045802;Paris;
17124;Porte de Saint-Ouen - Henri Huchard;OUI;26;21;3;2;1;OUI;OUI;2021-10-20T13:40:36+02:00;48.8987083664,2.32953608036;Paris;
15032;Fï¿½ï¿½lix Faure - Lou;OUI;58;1;53;51;2;OUI;OUI;2021-10-20T13:46:32+02:00;48.8386890171,2.2818081826;Paris;
17027;Place du Marï¿½ï¿½chal Juin - Pï¿½;OUI;46;45;0;0;0;OUI;OUI;2021-10-20T13:46:24+02:00;48.885263,2.298286;Paris;
19040;Belleville - Tï¿½ï¿½lï¿½ï;OUI;41;40;1;0;1;OUI;OUI;2021-10-20T13:44:41+02:00;48.8756045,2.3995549;Paris;
51003;Hï¿½ï¿½tel de Ville d'Argent;OUI;30;25;4;1;3;OUI;OUI;2021-10-20T13:46:20+02:00;48.946504,2.2496396;Argenteuil;
6016;Danton - Serpente;OUI;22;9;12;10;2;OUI;OUI;2021-10-20T13:44:26+02:00;48.8522973626,2.34141323715;Paris;
22101;Gare Routiï¿½ï¿½re de Saint C;OUI;31;6;22;21;1;OUI;OUI;2021-10-20T13:44:57+02:00;48.842881839,2.22224503756;Saint-Cloud;
11040;Temple - Jean-Pierre Timbaud;OUI;36;33;3;3;0;OUI;OUI;2021-10-20T13:46:17+02:00;48.864465972,2.36605972052;Paris;
8051;Batignolles - Rome;OUI;15;7;4;0;4;OUI;OUI;2021-10-20T13:46:07+02:00;48.8818233706,2.32025898993;Paris;
32017;Basilique;OUI;22;14;6;4;2;OUI;OUI;2021-10-20T13:46:01+02:00;48.9362689106,2.35886668202;Saint-Denis;
9115;Milton - Manuel;OUI;22;21;1;0;1;OUI;OUI;2021-10-20T13:43:56+02:00;48.878249,2.341181;Paris;
10020;Chabrol - d'Hauteville;OUI;11;8;1;1;0;OUI;OUI;2021-10-20T13:46:22+02:00;48.877018388,2.35131796449;Paris;
16123;Mahatma Gandhi;OUI;26;17;9;4;5;OUI;OUI;2021-10-20T13:44:15+02:00;48.876356,2.264205;Paris;
19038;Lassus - Delouvain;OUI;20;18;2;0;2;OUI;OUI;2021-10-20T13:42:51+02:00;48.8755044846,2.38903273255;Paris;
18113;Lepic - Armï¿½ï¿½e d'Or;OUI;24;22;1;1;0;OUI;OUI;2021-10-20T13:42:42+02:00;48.8875364038,2.3343077302;Paris;
18029;Emile Blemont - Poteau;OUI;39;35;4;0;4;OUI;OUI;2021-10-20T13:42:10+02:00;48.8943782,2.3415122;Paris;
21003;Jean Jaurï¿½ï¿½s - Jean Baptiste Clï¿;OUI;24;12;11;8;3;OUI;OUI;2021-10-20T13:44:38+02:00;48.8457626145,2.23696500063;Boulogne-Billancourt;
20118;Orteaux - Mouraud;OUI;24;20;4;2;2;OUI;OUI;2021-10-20T13:40:35+02:00;48.8555864285,2.40876290776;Paris;
22001;Chï¿½ï¿½teau - Bi;OUI;23;14;8;6;2;OUI;OUI;2021-10-20T13:44:41+02:00;48.8904040286,2.27010637522;Neuilly-sur-Seine;
9031;Provence - Chaussï¿½ï¿½e d'A;OUI;25;9;15;11;4;OUI;OUI;2021-10-20T13:46:42+02:00;48.8742844754,2.33297651156;Paris;
18025;Mairie du 18ï¿½ï;OUI;40;37;2;2;0;OUI;OUI;2021-10-20T13:40:54+02:00;48.8929392969,2.34455108643;Paris;
6030;Assas - Vaugirard;OUI;35;5;30;15;15;OUI;OUI;2021-10-20T13:45:37+02:00;48.8482741114,2.32924137264;Paris;
17122;Bridaine - Lamandï¿;OUI;29;23;5;3;2;OUI;OUI;2021-10-20T13:43:54+02:00;48.8862074,2.3206239;Paris;
18023;Ordener - Poissonniers;OUI;35;35;0;0;0;OUI;OUI;2021-10-20T13:41:33+02:00;48.8912138908,2.35128866622;Paris;
20027;Porte de Mï¿½ï¿½nilmon;OUI;15;15;0;0;0;OUI;OUI;2021-10-20T13:37:26+02:00;48.8691543609,2.40932246879;Paris;
18049;Porte d'Aubervilliers;OUI;55;36;17;14;3;OUI;OUI;2021-10-20T13:43:28+02:00;48.8985966194,2.36897226423;Paris;
15108;Lourmel - Marie Skobtsov;OUI;22;5;16;13;3;OUI;OUI;2021-10-20T13:46:41+02:00;48.844974,2.287283;Paris;
9117;Bellefond - Maubeuge;OUI;31;27;0;0;0;OUI;OUI;2021-10-20T13:46:00+02:00;48.8782553976,2.34526421875;Paris;
26001;Gare d'Asniï¿½ï¿½res sur S;OUI;24;9;15;14;1;OUI;OUI;2021-10-20T13:46:34+02:00;48.9063645922,2.28350669146;Asniï¿½ï¿½res-sur-S;
35003;Gabrielle Josserand - Edouard Vaillant;OUI;25;15;8;4;4;OUI;OUI;2021-10-20T13:46:25+02:00;48.9027156626,2.39332705736;Pantin;
17047;Courcelles - Pierre Demours;OUI;26;19;7;5;2;OUI;OUI;2021-10-20T13:43:37+02:00;48.8837697333,2.29858466343;Paris;
15031;Thï¿½ï¿½ï¿½ï¿½tre -;OUI;53;15;35;29;6;OUI;OUI;2021-10-20T13:45:35+02:00;48.8482070398,2.28986587375;Paris;
41204;Rï¿½ï¿½publique - Da;OUI;20;20;0;0;0;OUI;OUI;2021-10-20T13:43:30+02:00;48.8524917218,2.46203452349;Fontenay-sous-Bois;
47005;Ecole Vï¿½ï¿½tï¿½ï¿;OUI;36;7;26;25;1;OUI;OUI;2021-10-20T13:43:45+02:00;48.8148885982,2.42243621578;Maisons-Alfort;
19009;Citï¿½ï¿½ des Sciences et de l'Indus;OUI;30;29;1;1;0;OUI;OUI;2021-10-20T13:42:04+02:00;48.8965957118,2.38459914923;Paris;
15070;Balard - Montagne de la Fage;OUI;36;7;27;24;3;OUI;OUI;2021-10-20T13:44:09+02:00;48.8385074033,2.27828711271;Paris;
16004;Universitï¿½ï¿½ Paris Daup;OUI;0;0;0;0;0;NON;NON;2021-02-11T10:14:41+01:00;48.87070784,2.27486561984;Paris;
21001;Transvaal - Charles de Gaulle;OUI;27;24;2;1;1;OUI;OUI;2021-10-20T13:46:43+02:00;48.8482804036,2.23734201209;Boulogne-Billancourt;
17046;Mac-Mahon - Brey;OUI;25;15;9;8;1;OUI;OUI;2021-10-20T13:46:40+02:00;48.8775320841,2.29451253605;Paris;
11010;Boulets - Faubourg Saint-Antoine;OUI;43;33;7;6;1;OUI;OUI;2021-10-20T13:44:58+02:00;48.8492592621,2.39175461419;Paris;
17121;Square des Epinettes;OUI;20;12;4;2;2;OUI;OUI;2021-10-20T13:38:00+02:00;48.8938390978,2.32595399022;Paris;
20116;Haies - Rï¿½ï¿½u;OUI;22;22;0;0;0;OUI;OUI;2021-10-20T13:45:48+02:00;48.8538689677,2.40242616224;Paris;
47006;Les Planï¿½ï¿;OUI;16;2;12;10;2;OUI;OUI;2021-10-20T13:43:14+02:00;48.8099849921,2.45808530599;Maisons-Alfort;
15002;Maine - Antoine Bourdelle;OUI;17;17;0;0;0;OUI;OUI;2021-10-20T13:42:51+02:00;48.8430853175,2.32026394678;Paris;
11116;Faubourg St-Antoine - Place de la Nation;OUI;0;0;0;0;0;NON;NON;2021-08-28T04:57:31+02:00;48.8487659,2.3940436;Paris;
21310;Klï¿½ï¿½ber - Gouverneur Gï¿½ï¿½nï¿½ï;OUI;24;7;15;13;2;OUI;OUI;2021-10-20T13:45:38+02:00;48.8268858431,2.27234132588;Issy-les-Moulineaux;
18109;Pajol - Riquet;OUI;47;45;2;1;1;OUI;OUI;2021-10-20T13:39:40+02:00;48.8896002813,2.36285347492;Paris;
32015;Gare RER de Saint-Denis;OUI;40;28;7;4;3;OUI;OUI;2021-10-20T13:45:24+02:00;48.9355432425,2.34714880586;Saint-Denis;
21703;Square du Carrefour de l'Insurrection;OUI;23;23;0;0;0;OUI;OUI;2021-10-20T13:45:06+02:00;48.8208645598,2.29111343622;Vanves;
5121;Square Renï¿½ï¿½ Viviani - Monteb;OUI;34;0;29;24;5;OUI;OUI;2021-10-20T13:44:55+02:00;48.8519048914,2.34784215689;Paris;
21706;Jean Bleuzen - Square du 11 Novembre;OUI;49;42;5;2;3;OUI;OUI;2021-10-20T13:37:45+02:00;48.8232579,2.2965213;Vanves;
16043;Place de Passy;OUI;15;9;3;2;1;OUI;OUI;2021-10-20T13:42:48+02:00;48.8578029171,2.27750054694;Paris;
16021;Franï¿½ï¿½ois Ponsard - La Mu;OUI;23;21;0;0;0;OUI;OUI;2021-10-20T13:37:57+02:00;48.8583666,2.2744515;Paris;
18043;Clichy - Place Blanche;OUI;20;18;2;0;2;OUI;OUI;2021-10-20T13:45:51+02:00;48.8836010883,2.33322378248;Paris;
20023;Pelleport - Belgrand;OUI;15;12;1;1;0;OUI;OUI;2021-10-20T13:44:19+02:00;48.8650008185,2.40398083638;Paris;
1117;Pont Neuf - Rivoli;OUI;27;8;15;6;9;OUI;OUI;2021-10-20T13:44:59+02:00;48.8600898926,2.34405755997;Paris;
15035;Place Etienne Pernet;OUI;43;17;24;24;0;OUI;OUI;2021-10-20T13:45:18+02:00;48.8424345713,2.29218196124;Paris;
11043;Place Pasdeloup;OUI;21;12;8;4;4;OUI;OUI;2021-10-20T13:43:34+02:00;48.8626542156,2.36703250628;Paris;
35017;Toffier Decaux - Cartier Bresson;OUI;15;15;0;0;0;OUI;OUI;2021-10-20T13:44:22+02:00;48.9016507255,2.40175455809;Pantin;
16029;Maison de Radio - France;OUI;47;14;28;25;3;OUI;OUI;2021-10-20T13:44:45+02:00;48.8513288643,2.27778553963;Paris;
31703;Sadi Carnot - Franï¿½ï¿½ois Mitter;OUI;27;25;0;0;0;OUI;OUI;2021-10-20T13:44:24+02:00;48.8753268767,2.4241617322;Bagnolet;
18017;Caulaincourt - Place Constantin Pecqueur;OUI;44;38;5;1;4;OUI;OUI;2021-10-20T13:42:00+02:00;48.889677905,2.33817871443;Paris;
21014;Hameau Fleuri - Marchï¿;OUI;22;2;18;13;5;OUI;OUI;2021-10-20T13:44:42+02:00;48.8314488926,2.2412404418;Boulogne-Billancourt;
8019;Naples - Rome;OUI;26;18;8;7;1;OUI;OUI;2021-10-20T13:43:35+02:00;48.8799607008,2.32135869563;Paris;
35014;Charles de Gaulle - Jean Lolive;OUI;26;16;7;7;0;OUI;OUI;2021-10-20T13:45:33+02:00;48.8932644351,2.4126765132;Pantin;
9017;Lallier - Trudaine;OUI;29;27;2;1;1;OUI;OUI;2021-10-20T13:45:55+02:00;48.8810924662,2.34082248062;Paris;
15049;Porte de Versailles;OUI;24;11;12;11;1;OUI;OUI;2021-10-20T13:44:54+02:00;48.8321538173,2.2871491313;Paris;
8001;Petit Palais;OUI;43;7;32;21;11;OUI;OUI;2021-10-20T13:46:32+02:00;48.8667692,2.3157655;Paris;
11041;Square Saint-Ambroise;OUI;43;22;16;14;2;OUI;OUI;2021-10-20T13:45:45+02:00;48.860934,2.375841;Paris;
42703;Fontainebleau - Edmond Michelet;OUI;45;45;0;0;0;OUI;OUI;2021-10-20T13:42:14+02:00;48.8095643684,2.36269086599;Le Kremlin-Bicï¿½ï¿;
11006;Ledru-Rollin - Place du Pï¿½ï¿½re Chai;OUI;37;20;12;9;3;OUI;OUI;2021-10-20T13:44:21+02:00;48.8564337069,2.37902058776;Paris;
22102;Mont Valï¿½ï¿½rien - Michel Sa;OUI;24;21;3;0;3;OUI;OUI;2021-10-20T13:46:14+02:00;48.8561915,2.2152966;Saint-Cloud;
31027;Place de la Rï¿½ï¿½publi;OUI;28;28;0;0;0;NON;NON;2021-10-03T22:46:32+02:00;48.852988,2.42467;Montreuil;
20030;Mï¿½ï¿½nilmontant - Pï¿½ï¿½re ;OUI;56;48;6;4;2;OUI;OUI;2021-10-20T13:46:40+02:00;48.8632872915,2.3869940266;Paris;
19127;Aubervilliers - Curial;OUI;23;15;3;2;1;OUI;OUI;2021-10-20T13:44:08+02:00;48.8908830523,2.36885793507;Paris;
15003;Gare Montparnasse - Vaugirard;OUI;66;57;7;5;2;OUI;OUI;2021-10-20T13:46:05+02:00;48.8418071799,2.3195100269;Paris;
16015;Bassano -  Iï¿½ï;OUI;15;6;9;0;9;OUI;OUI;2021-10-20T13:45:15+02:00;48.8681445105,2.29614960099;Paris;
4110;Neuve Saint-Pierre - Beautreillis;OUI;20;15;3;1;2;OUI;OUI;2021-10-20T13:42:22+02:00;48.8535535144,2.36391227692;Paris;
12107;Diderot - Pierre Bourdan;OUI;21;13;8;4;4;OUI;OUI;2021-10-20T13:46:32+02:00;48.8476486208,2.39025827497;Paris;
6032;Sabot - Rennes;OUI;26;4;21;17;4;OUI;OUI;2021-10-20T13:46:27+02:00;48.8525751129,2.33155276626;Paris;
14112;Mï¿½ï¿½chain - Faubourg Saint-Jac;OUI;16;13;3;2;1;OUI;OUI;2021-10-20T13:44:25+02:00;48.835867721,2.33798034198;Paris;
14030;Pernety - Raymond Losserand;OUI;32;28;2;2;0;OUI;OUI;2021-10-20T13:45:41+02:00;48.834254628,2.31760933939;Paris;
47004;Stade Auguste Delaune;OUI;21;5;15;14;1;OUI;OUI;2021-10-20T13:45:06+02:00;48.8089637868,2.43452042341;Maisons-Alfort;
7020;Champ de Mars - Cler;OUI;41;10;27;21;6;OUI;OUI;2021-10-20T13:46:23+02:00;48.8566915501,2.30664677918;Paris;
9026;Jean-Baptiste Pigalle - La Bruyere;OUI;17;12;4;1;3;OUI;OUI;2021-10-20T13:41:24+02:00;48.8793982645,2.33370917334;Paris;
13103;Hï¿½ï¿½pital Pitiï¿½ï¿½ Salpï;OUI;50;23;27;23;4;OUI;OUI;2021-10-20T13:46:22+02:00;48.8377016,2.3604946;Paris;
18033;Belliard - Damrï¿½ï¿½;OUI;34;32;1;1;0;OUI;OUI;2021-10-20T13:44:35+02:00;48.8966923878,2.33802345039;Paris;
10114;Granges aux Belles - Hï¿½